time_id,hour,minute,period
10:15:50,10,15,Morning
12:19:22,12,19,Afternoon
12:20:18,12,20,Afternoon
13:46:33,13,46,Afternoon
13:48:14,13,48,Afternoon
15:39:47,15,39,Afternoon
16:19:02,16,19,Afternoon
18:39:03,18,39,Evening
19:22:01,19,22,Evening
19:23:15,19,23,Evening
19:29:17,19,29,Evening
10:22:06,10,22,Morning
10:30:35,10,30,Morning
10:41:41,10,41,Morning
11:59:45,11,59,Morning
14:38:35,14,38,Afternoon
16:37:24,16,37,Afternoon
17:34:54,17,34,Evening
10:10:43,10,10,Morning
10:27:18,10,27,Morning
11:33:56,11,33,Morning
12:26:56,12,26,Afternoon
13:09:36,13,9,Afternoon
17:06:40,17,6,Evening
17:08:45,17,8,Evening
18:03:23,18,3,Evening
18:04:27,18,4,Evening
18:08:04,18,8,Evening
10:03:51,10,3,Morning
10:54:50,10,54,Morning
11:05:16,11,5,Morning
14:04:37,14,4,Afternoon
09:59:52,9,59,Morning
14:34:55,14,34,Afternoon
17:34:06,17,34,Evening
17:35:25,17,35,Evening
17:36:28,17,36,Evening
17:37:13,17,37,Evening
17:38:09,17,38,Evening
17:56:15,17,56,Evening
18:01:31,18,1,Evening
12:30:27,12,30,Afternoon
13:24:07,13,24,Afternoon
13:25:14,13,25,Afternoon
14:52:01,14,52,Afternoon
14:53:18,14,53,Afternoon
10:08:58,10,8,Morning
10:18:40,10,18,Morning
11:03:58,11,3,Morning
11:25:43,11,25,Morning
15:40:22,15,40,Afternoon
15:41:28,15,41,Afternoon
10:34:41,10,34,Morning
12:22:28,12,22,Afternoon
13:53:02,13,53,Afternoon
14:44:12,14,44,Afternoon
14:45:11,14,45,Afternoon
14:46:11,14,46,Afternoon
18:57:51,18,57,Evening
18:59:24,18,59,Evening
11:49:37,11,49,Morning
12:05:15,12,5,Afternoon
12:07:38,12,7,Afternoon
12:09:47,12,9,Afternoon
12:13:03,12,13,Afternoon
12:14:26,12,14,Afternoon
13:09:22,13,9,Afternoon
13:41:06,13,41,Afternoon
13:53:10,13,53,Afternoon
13:54:36,13,54,Afternoon
14:08:01,14,8,Afternoon
14:26:52,14,26,Afternoon
19:17:57,19,17,Evening
19:19:10,19,19,Evening
07:44:18,7,44,Morning
07:45:29,7,45,Morning
10:06:02,10,6,Morning
11:19:20,11,19,Morning
17:51:03,17,51,Evening
19:34:00,19,34,Evening
19:35:54,19,35,Evening
10:18:46,10,18,Morning
11:24:15,11,24,Morning
11:24:51,11,24,Morning
11:26:44,11,26,Morning
11:32:58,11,32,Morning
16:24:26,16,24,Afternoon
16:25:45,16,25,Afternoon
16:50:49,16,50,Afternoon
10:15:00,10,15,Morning
10:15:34,10,15,Morning
10:16:24,10,16,Morning
11:20:45,11,20,Morning
12:46:23,12,46,Afternoon
12:47:26,12,47,Afternoon
16:15:43,16,15,Afternoon
11:06:43,11,6,Morning
11:48:16,11,48,Morning
12:18:06,12,18,Afternoon
12:19:05,12,19,Afternoon
12:34:30,12,34,Afternoon
14:26:40,14,26,Afternoon
15:41:20,15,41,Afternoon
16:47:09,16,47,Afternoon
10:02:12,10,2,Morning
10:28:33,10,28,Morning
10:29:34,10,29,Morning
13:27:29,13,27,Afternoon
13:28:24,13,28,Afternoon
13:51:59,13,51,Afternoon
13:52:56,13,52,Afternoon
15:20:38,15,20,Afternoon
16:04:09,16,4,Afternoon
16:54:38,16,54,Afternoon
18:58:55,18,58,Evening
19:00:08,19,0,Evening
10:02:16,10,2,Morning
10:53:02,10,53,Morning
18:19:27,18,19,Evening
12:06:55,12,6,Afternoon
12:07:53,12,7,Afternoon
15:58:18,15,58,Afternoon
16:03:21,16,3,Afternoon
16:04:11,16,4,Afternoon
17:58:07,17,58,Evening
10:10:21,10,10,Morning
12:55:26,12,55,Afternoon
11:17:59,11,17,Morning
15:31:39,15,31,Afternoon
15:32:38,15,32,Afternoon
15:33:36,15,33,Afternoon
10:20:25,10,20,Morning
14:02:21,14,2,Afternoon
14:03:19,14,3,Afternoon
15:04:36,15,4,Afternoon
16:53:48,16,53,Afternoon
19:26:32,19,26,Evening
11:41:16,11,41,Morning
12:21:07,12,21,Afternoon
12:30:48,12,30,Afternoon
13:16:47,13,16,Afternoon
16:42:38,16,42,Afternoon
17:50:28,17,50,Evening
10:18:56,10,18,Morning
12:25:09,12,25,Afternoon
12:26:17,12,26,Afternoon
17:21:01,17,21,Evening
17:22:01,17,22,Evening
19:20:36,19,20,Evening
10:35:53,10,35,Morning
13:29:20,13,29,Afternoon
16:15:14,16,15,Afternoon
17:17:03,17,17,Evening
17:17:58,17,17,Evening
17:20:49,17,20,Evening
10:43:59,10,43,Morning
10:45:07,10,45,Morning
13:10:07,13,10,Afternoon
13:11:12,13,11,Afternoon
14:44:41,14,44,Afternoon
15:47:19,15,47,Afternoon
15:49:33,15,49,Afternoon
16:00:58,16,0,Afternoon
10:03:56,10,3,Morning
18:45:08,18,45,Evening
10:31:47,10,31,Morning
11:16:25,11,16,Morning
14:27:09,14,27,Afternoon
14:29:25,14,29,Afternoon
18:37:30,18,37,Evening
19:34:24,19,34,Evening
10:35:49,10,35,Morning
10:36:36,10,36,Morning
10:42:30,10,42,Morning
11:11:47,11,11,Morning
13:35:52,13,35,Afternoon
13:36:49,13,36,Afternoon
13:37:59,13,37,Afternoon
13:57:53,13,57,Afternoon
15:48:02,15,48,Afternoon
18:33:38,18,33,Evening
18:34:54,18,34,Evening
11:04:51,11,4,Morning
11:05:58,11,5,Morning
12:57:00,12,57,Afternoon
13:35:20,13,35,Afternoon
14:22:31,14,22,Afternoon
14:23:35,14,23,Afternoon
18:30:11,18,30,Evening
19:31:12,19,31,Evening
14:24:47,14,24,Afternoon
17:24:46,17,24,Evening
17:27:05,17,27,Evening
17:32:44,17,32,Evening
10:56:19,10,56,Morning
12:34:17,12,34,Afternoon
12:41:32,12,41,Afternoon
13:22:44,13,22,Afternoon
11:59:19,11,59,Morning
13:49:25,13,49,Afternoon
16:12:31,16,12,Afternoon
16:36:40,16,36,Afternoon
16:37:57,16,37,Afternoon
10:40:04,10,40,Morning
19:36:45,19,36,Evening
10:28:47,10,28,Morning
10:29:42,10,29,Morning
10:30:43,10,30,Morning
11:15:43,11,15,Morning
17:01:42,17,1,Evening
18:18:42,18,18,Evening
18:45:27,18,45,Evening
10:01:14,10,1,Morning
16:18:34,16,18,Afternoon
16:19:28,16,19,Afternoon
19:59:31,19,59,Evening
10:19:13,10,19,Morning
10:20:07,10,20,Morning
13:12:05,13,12,Afternoon
15:36:11,15,36,Afternoon
10:44:55,10,44,Morning
11:26:38,11,26,Morning
11:27:48,11,27,Morning
12:23:02,12,23,Afternoon
19:42:07,19,42,Evening
10:40:42,10,40,Morning
10:42:06,10,42,Morning
11:06:14,11,6,Morning
12:14:27,12,14,Afternoon
14:23:40,14,23,Afternoon
14:24:50,14,24,Afternoon
15:30:50,15,30,Afternoon
15:54:15,15,54,Afternoon
15:55:30,15,55,Afternoon
16:17:43,16,17,Afternoon
16:18:23,16,18,Afternoon
12:32:31,12,32,Afternoon
14:13:18,14,13,Afternoon
14:14:27,14,14,Afternoon
14:49:50,14,49,Afternoon
10:12:53,10,12,Morning
12:44:31,12,44,Afternoon
12:46:05,12,46,Afternoon
14:16:24,14,16,Afternoon
14:17:30,14,17,Afternoon
18:01:16,18,1,Evening
18:02:03,18,2,Evening
10:58:21,10,58,Morning
10:59:27,10,59,Morning
11:01:20,11,1,Morning
11:04:47,11,4,Morning
12:54:25,12,54,Afternoon
15:43:36,15,43,Afternoon
16:41:37,16,41,Afternoon
18:18:09,18,18,Evening
19:22:27,19,22,Evening
19:23:59,19,23,Evening
10:22:27,10,22,Morning
10:24:10,10,24,Morning
11:42:28,11,42,Morning
15:11:48,15,11,Afternoon
17:25:23,17,25,Evening
10:21:26,10,21,Morning
17:55:07,17,55,Evening
17:55:31,17,55,Evening
18:24:59,18,24,Evening
20:04:05,20,4,Evening
10:41:23,10,41,Morning
10:42:59,10,42,Morning
16:35:23,16,35,Afternoon
19:16:56,19,16,Evening
19:18:36,19,18,Evening
19:03:43,19,3,Evening
19:38:23,19,38,Evening
12:29:19,12,29,Afternoon
12:43:02,12,43,Afternoon
15:06:52,15,6,Afternoon
15:07:55,15,7,Afternoon
16:18:03,16,18,Afternoon
16:19:39,16,19,Afternoon
17:51:26,17,51,Evening
17:53:19,17,53,Evening
10:55:27,10,55,Morning
12:24:39,12,24,Afternoon
12:27:08,12,27,Afternoon
12:29:06,12,29,Afternoon
12:31:36,12,31,Afternoon
13:21:49,13,21,Afternoon
14:23:31,14,23,Afternoon
14:24:26,14,24,Afternoon
14:25:18,14,25,Afternoon
15:46:27,15,46,Afternoon
16:59:54,16,59,Afternoon
17:00:45,17,0,Evening
18:38:19,18,38,Evening
11:45:24,11,45,Morning
17:01:46,17,1,Evening
17:02:49,17,2,Evening
19:33:03,19,33,Evening
19:41:58,19,41,Evening
10:43:49,10,43,Morning
10:46:25,10,46,Morning
12:40:47,12,40,Afternoon
12:52:07,12,52,Afternoon
15:03:16,15,3,Afternoon
17:42:04,17,42,Evening
17:43:22,17,43,Evening
18:09:05,18,9,Evening
13:32:59,13,32,Afternoon
13:44:00,13,44,Afternoon
16:13:24,16,13,Afternoon
17:01:35,17,1,Evening
17:02:40,17,2,Evening
18:14:03,18,14,Evening
11:19:01,11,19,Morning
11:20:05,11,20,Morning
13:49:12,13,49,Afternoon
13:50:17,13,50,Afternoon
14:34:19,14,34,Afternoon
14:35:49,14,35,Afternoon
17:44:15,17,44,Evening
18:21:05,18,21,Evening
19:39:51,19,39,Evening
19:40:48,19,40,Evening
10:10:36,10,10,Morning
13:11:47,13,11,Afternoon
13:13:20,13,13,Afternoon
13:58:54,13,58,Afternoon
13:59:49,13,59,Afternoon
18:23:19,18,23,Evening
18:25:33,18,25,Evening
11:24:42,11,24,Morning
12:08:35,12,8,Afternoon
12:09:42,12,9,Afternoon
13:08:37,13,8,Afternoon
13:09:47,13,9,Afternoon
13:10:55,13,10,Afternoon
14:44:18,14,44,Afternoon
15:11:00,15,11,Afternoon
15:22:40,15,22,Afternoon
15:49:25,15,49,Afternoon
17:07:57,17,7,Evening
18:27:41,18,27,Evening
18:28:46,18,28,Evening
19:30:55,19,30,Evening
11:16:45,11,16,Morning
14:15:37,14,15,Afternoon
17:09:03,17,9,Evening
11:09:16,11,9,Morning
11:29:27,11,29,Morning
18:40:33,18,40,Evening
19:39:04,19,39,Evening
20:02:29,20,2,Evening
14:22:35,14,22,Afternoon
14:23:53,14,23,Afternoon
14:24:57,14,24,Afternoon
19:42:27,19,42,Evening
19:43:26,19,43,Evening
10:19:38,10,19,Morning
10:21:27,10,21,Morning
11:23:46,11,23,Morning
11:33:26,11,33,Morning
12:39:09,12,39,Afternoon
16:39:07,16,39,Afternoon
19:39:49,19,39,Evening
19:40:54,19,40,Evening
10:46:08,10,46,Morning
15:18:26,15,18,Afternoon
17:09:43,17,9,Evening
17:10:49,17,10,Evening
10:12:50,10,12,Morning
12:01:30,12,1,Afternoon
13:31:28,13,31,Afternoon
15:32:35,15,32,Afternoon
15:33:33,15,33,Afternoon
16:23:26,16,23,Afternoon
16:24:33,16,24,Afternoon
19:32:07,19,32,Evening
19:33:30,19,33,Evening
15:27:00,15,27,Afternoon
10:32:52,10,32,Morning
12:30:09,12,30,Afternoon
18:27:08,18,27,Evening
18:28:11,18,28,Evening
18:29:02,18,29,Evening
11:26:31,11,26,Morning
13:27:56,13,27,Afternoon
13:28:53,13,28,Afternoon
13:53:35,13,53,Afternoon
13:54:24,13,54,Afternoon
18:37:48,18,37,Evening
19:12:33,19,12,Evening
19:13:37,19,13,Evening
10:16:41,10,16,Morning
10:34:52,10,34,Morning
10:35:47,10,35,Morning
13:41:52,13,41,Afternoon
13:42:59,13,42,Afternoon
19:19:18,19,19,Evening
19:30:04,19,30,Evening
19:31:20,19,31,Evening
10:33:55,10,33,Morning
11:29:57,11,29,Morning
13:49:39,13,49,Afternoon
18:36:22,18,36,Evening
18:41:11,18,41,Evening
19:18:33,19,18,Evening
19:19:56,19,19,Evening
10:11:53,10,11,Morning
14:30:00,14,30,Afternoon
17:03:24,17,3,Evening
10:05:17,10,5,Morning
10:06:51,10,6,Morning
10:08:05,10,8,Morning
10:09:07,10,9,Morning
10:39:12,10,39,Morning
11:34:20,11,34,Morning
13:18:10,13,18,Afternoon
13:19:00,13,19,Afternoon
19:18:12,19,18,Evening
19:19:49,19,19,Evening
11:21:58,11,21,Morning
13:23:34,13,23,Afternoon
16:42:07,16,42,Afternoon
16:55:38,16,55,Afternoon
17:37:46,17,37,Evening
17:38:48,17,38,Evening
18:35:37,18,35,Evening
19:12:12,19,12,Evening
19:13:12,19,13,Evening
10:07:28,10,7,Morning
12:54:21,12,54,Afternoon
13:03:58,13,3,Afternoon
13:04:57,13,4,Afternoon
13:06:11,13,6,Afternoon
13:07:16,13,7,Afternoon
16:55:14,16,55,Afternoon
16:56:14,16,56,Afternoon
18:01:29,18,1,Evening
18:13:56,18,13,Evening
10:09:21,10,9,Morning
15:46:21,15,46,Afternoon
15:47:32,15,47,Afternoon
16:20:15,16,20,Afternoon
11:39:52,11,39,Morning
17:02:43,17,2,Evening
17:20:30,17,20,Evening
17:21:56,17,21,Evening
17:23:57,17,23,Evening
17:28:54,17,28,Evening
18:35:40,18,35,Evening
19:38:16,19,38,Evening
10:20:42,10,20,Morning
13:24:03,13,24,Afternoon
13:27:39,13,27,Afternoon
15:16:19,15,16,Afternoon
15:38:02,15,38,Afternoon
15:52:14,15,52,Afternoon
16:04:21,16,4,Afternoon
19:41:30,19,41,Evening
11:03:53,11,3,Morning
15:31:10,15,31,Afternoon
15:31:50,15,31,Afternoon
08:38:14,8,38,Morning
08:39:25,8,39,Morning
08:40:17,8,40,Morning
10:19:23,10,19,Morning
11:32:29,11,32,Morning
11:34:12,11,34,Morning
14:04:54,14,4,Afternoon
14:06:00,14,6,Afternoon
15:01:54,15,1,Afternoon
16:57:57,16,57,Afternoon
16:59:10,16,59,Afternoon
22:51:25,22,51,Night
08:40:05,8,40,Morning
11:14:19,11,14,Morning
11:19:10,11,19,Morning
13:34:35,13,34,Afternoon
13:35:29,13,35,Afternoon
13:36:27,13,36,Afternoon
13:55:28,13,55,Afternoon
14:38:10,14,38,Afternoon
14:38:52,14,38,Afternoon
14:39:44,14,39,Afternoon
17:28:58,17,28,Evening
20:20:34,20,20,Evening
10:38:42,10,38,Morning
10:39:49,10,39,Morning
11:42:50,11,42,Morning
11:44:20,11,44,Morning
12:14:00,12,14,Afternoon
15:15:16,15,15,Afternoon
17:44:31,17,44,Evening
18:12:56,18,12,Evening
18:13:58,18,13,Evening
09:00:48,9,0,Morning
11:30:27,11,30,Morning
14:58:03,14,58,Afternoon
19:55:18,19,55,Evening
19:56:46,19,56,Evening
20:37:52,20,37,Evening
22:34:50,22,34,Night
22:36:33,22,36,Night
22:37:42,22,37,Night
08:01:37,8,1,Morning
08:02:39,8,2,Morning
11:15:56,11,15,Morning
16:48:29,16,48,Afternoon
16:49:27,16,49,Afternoon
19:58:44,19,58,Evening
20:22:53,20,22,Evening
22:05:27,22,5,Night
07:58:38,7,58,Morning
07:59:33,7,59,Morning
08:00:35,8,0,Morning
09:28:49,9,28,Morning
14:43:40,14,43,Afternoon
15:58:58,15,58,Afternoon
18:12:36,18,12,Evening
18:13:47,18,13,Evening
18:16:30,18,16,Evening
19:51:06,19,51,Evening
21:15:41,21,15,Night
21:18:36,21,18,Night
10:05:59,10,5,Morning
10:17:51,10,17,Morning
10:58:48,10,58,Morning
11:15:16,11,15,Morning
11:16:19,11,16,Morning
13:27:13,13,27,Afternoon
13:28:10,13,28,Afternoon
14:13:19,14,13,Afternoon
14:14:31,14,14,Afternoon
14:32:21,14,32,Afternoon
17:12:51,17,12,Evening
17:13:56,17,13,Evening
20:36:48,20,36,Evening
20:37:57,20,37,Evening
20:46:52,20,46,Evening
21:36:53,21,36,Night
21:37:57,21,37,Night
08:27:38,8,27,Morning
09:43:50,9,43,Morning
09:44:40,9,44,Morning
09:46:09,9,46,Morning
10:05:08,10,5,Morning
16:10:19,16,10,Afternoon
18:13:23,18,13,Evening
19:11:09,19,11,Evening
20:13:48,20,13,Evening
09:34:41,9,34,Morning
10:49:47,10,49,Morning
11:18:14,11,18,Morning
11:34:54,11,34,Morning
12:29:50,12,29,Afternoon
12:30:43,12,30,Afternoon
14:00:20,14,0,Afternoon
19:24:58,19,24,Evening
19:25:58,19,25,Evening
21:23:53,21,23,Night
21:24:49,21,24,Night
10:10:19,10,10,Morning
12:22:06,12,22,Afternoon
15:55:16,15,55,Afternoon
15:56:27,15,56,Afternoon
16:18:14,16,18,Afternoon
16:41:00,16,41,Afternoon
17:14:33,17,14,Evening
17:15:44,17,15,Evening
19:03:53,19,3,Evening
19:17:28,19,17,Evening
19:18:26,19,18,Evening
19:42:31,19,42,Evening
20:15:01,20,15,Evening
20:16:24,20,16,Evening
22:48:10,22,48,Night
22:55:36,22,55,Night
11:11:59,11,11,Morning
11:15:08,11,15,Morning
11:16:13,11,16,Morning
16:07:19,16,7,Afternoon
18:17:40,18,17,Evening
18:18:36,18,18,Evening
22:30:40,22,30,Night
07:40:58,7,40,Morning
12:13:53,12,13,Afternoon
12:40:23,12,40,Afternoon
12:42:10,12,42,Afternoon
12:43:13,12,43,Afternoon
12:58:12,12,58,Afternoon
16:48:16,16,48,Afternoon
10:20:02,10,20,Morning
14:24:49,14,24,Afternoon
14:26:05,14,26,Afternoon
14:40:58,14,40,Afternoon
17:19:15,17,19,Evening
18:09:52,18,9,Evening
18:11:02,18,11,Evening
18:13:14,18,13,Evening
18:39:18,18,39,Evening
20:59:14,20,59,Evening
21:00:05,21,0,Night
21:02:36,21,2,Night
21:03:51,21,3,Night
21:04:58,21,4,Night
21:06:02,21,6,Night
11:34:55,11,34,Morning
14:05:21,14,5,Afternoon
14:06:43,14,6,Afternoon
15:11:34,15,11,Afternoon
15:14:05,15,14,Afternoon
17:50:55,17,50,Evening
18:00:50,18,0,Evening
19:16:27,19,16,Evening
19:17:38,19,17,Evening
21:29:07,21,29,Night
21:30:19,21,30,Night
08:37:09,8,37,Morning
09:20:10,9,20,Morning
11:48:18,11,48,Morning
13:14:40,13,14,Afternoon
14:10:53,14,10,Afternoon
16:25:39,16,25,Afternoon
17:21:43,17,21,Evening
19:09:29,19,9,Evening
19:10:31,19,10,Evening
20:24:32,20,24,Evening
20:50:19,20,50,Evening
09:14:43,9,14,Morning
10:48:46,10,48,Morning
11:14:02,11,14,Morning
15:10:48,15,10,Afternoon
15:22:56,15,22,Afternoon
15:45:12,15,45,Afternoon
16:45:03,16,45,Afternoon
18:24:03,18,24,Evening
20:30:42,20,30,Evening
20:32:35,20,32,Evening
08:29:06,8,29,Morning
08:30:21,8,30,Morning
08:37:05,8,37,Morning
09:47:59,9,47,Morning
14:56:15,14,56,Afternoon
15:16:15,15,16,Afternoon
15:17:38,15,17,Afternoon
19:53:11,19,53,Evening
20:31:05,20,31,Evening
20:46:13,20,46,Evening
20:47:21,20,47,Evening
07:53:57,7,53,Morning
09:21:07,9,21,Morning
09:23:58,9,23,Morning
10:38:07,10,38,Morning
10:39:06,10,39,Morning
14:50:12,14,50,Afternoon
18:23:44,18,23,Evening
18:25:03,18,25,Evening
20:06:39,20,6,Evening
20:33:06,20,33,Evening
20:34:32,20,34,Evening
22:05:47,22,5,Night
22:06:52,22,6,Night
22:07:55,22,7,Night
08:27:01,8,27,Morning
09:48:24,9,48,Morning
11:38:09,11,38,Morning
14:28:53,14,28,Afternoon
18:20:12,18,20,Evening
18:21:15,18,21,Evening
20:50:10,20,50,Evening
20:51:13,20,51,Evening
20:54:59,20,54,Evening
20:59:09,20,59,Evening
21:51:04,21,51,Night
20:03:25,20,3,Evening
20:24:02,20,24,Evening
20:25:07,20,25,Evening
21:07:20,21,7,Night
21:30:12,21,30,Night
22:43:10,22,43,Night
10:12:04,10,12,Morning
10:27:49,10,27,Morning
14:31:42,14,31,Afternoon
14:33:00,14,33,Afternoon
14:34:06,14,34,Afternoon
21:42:51,21,42,Night
21:43:37,21,43,Night
09:23:42,9,23,Morning
10:27:13,10,27,Morning
12:02:10,12,2,Afternoon
12:05:29,12,5,Afternoon
15:30:32,15,30,Afternoon
17:46:36,17,46,Evening
17:47:28,17,47,Evening
20:13:01,20,13,Evening
20:50:33,20,50,Evening
21:31:58,21,31,Night
21:33:02,21,33,Night
21:34:55,21,34,Night
21:36:06,21,36,Night
21:37:15,21,37,Night
08:21:48,8,21,Morning
08:23:06,8,23,Morning
09:22:43,9,22,Morning
10:28:50,10,28,Morning
10:40:53,10,40,Morning
19:43:57,19,43,Evening
19:59:53,19,59,Evening
20:10:47,20,10,Evening
20:12:01,20,12,Evening
08:52:56,8,52,Morning
08:54:08,8,54,Morning
10:36:09,10,36,Morning
12:17:41,12,17,Afternoon
15:11:14,15,11,Afternoon
15:24:06,15,24,Afternoon
21:14:05,21,14,Night
21:15:42,21,15,Night
21:18:26,21,18,Night
21:19:30,21,19,Night
21:21:04,21,21,Night
08:18:04,8,18,Morning
10:35:28,10,35,Morning
13:34:18,13,34,Afternoon
16:45:42,16,45,Afternoon
16:47:15,16,47,Afternoon
09:04:20,9,4,Morning
09:26:11,9,26,Morning
20:24:54,20,24,Evening
20:25:56,20,25,Evening
08:15:52,8,15,Morning
10:30:04,10,30,Morning
10:52:05,10,52,Morning
11:04:41,11,4,Morning
11:07:08,11,7,Morning
11:52:49,11,52,Morning
12:11:23,12,11,Afternoon
12:13:08,12,13,Afternoon
12:14:10,12,14,Afternoon
15:10:30,15,10,Afternoon
16:17:28,16,17,Afternoon
19:21:19,19,21,Evening
21:05:08,21,5,Night
12:47:49,12,47,Afternoon
12:56:48,12,56,Afternoon
19:04:28,19,4,Evening
19:05:22,19,5,Evening
19:37:23,19,37,Evening
19:38:19,19,38,Evening
10:38:03,10,38,Morning
18:48:25,18,48,Evening
18:49:36,18,49,Evening
21:17:03,21,17,Night
21:27:41,21,27,Night
21:28:50,21,28,Night
10:18:18,10,18,Morning
11:51:43,11,51,Morning
17:41:17,17,41,Evening
17:47:27,17,47,Evening
20:16:33,20,16,Evening
20:25:34,20,25,Evening
08:54:24,8,54,Morning
08:57:25,8,57,Morning
09:50:25,9,50,Morning
09:57:11,9,57,Morning
17:04:58,17,4,Evening
17:27:46,17,27,Evening
19:22:19,19,22,Evening
20:20:51,20,20,Evening
20:43:45,20,43,Evening
20:45:00,20,45,Evening
20:48:17,20,48,Evening
21:02:28,21,2,Night
07:46:13,7,46,Morning
10:30:31,10,30,Morning
12:14:41,12,14,Afternoon
18:29:53,18,29,Evening
11:26:01,11,26,Morning
12:21:28,12,21,Afternoon
12:22:46,12,22,Afternoon
12:23:52,12,23,Afternoon
12:24:35,12,24,Afternoon
12:25:23,12,25,Afternoon
16:03:29,16,3,Afternoon
18:14:04,18,14,Evening
10:43:51,10,43,Morning
10:58:41,10,58,Morning
11:00:38,11,0,Morning
11:01:41,11,1,Morning
12:49:27,12,49,Afternoon
14:00:38,14,0,Afternoon
15:02:36,15,2,Afternoon
15:05:10,15,5,Afternoon
15:43:59,15,43,Afternoon
16:47:36,16,47,Afternoon
17:45:17,17,45,Evening
17:46:16,17,46,Evening
08:57:24,8,57,Morning
10:12:05,10,12,Morning
10:13:37,10,13,Morning
10:55:51,10,55,Morning
14:51:35,14,51,Afternoon
16:50:13,16,50,Afternoon
16:51:11,16,51,Afternoon
16:52:36,16,52,Afternoon
18:51:19,18,51,Evening
21:16:11,21,16,Night
14:04:06,14,4,Afternoon
14:05:12,14,5,Afternoon
19:20:40,19,20,Evening
19:21:38,19,21,Evening
20:35:49,20,35,Evening
21:20:49,21,20,Night
21:22:18,21,22,Night
07:47:19,7,47,Morning
08:17:54,8,17,Morning
10:54:00,10,54,Morning
11:11:27,11,11,Morning
11:12:31,11,12,Morning
14:21:36,14,21,Afternoon
18:28:43,18,28,Evening
18:29:58,18,29,Evening
19:31:31,19,31,Evening
21:28:59,21,28,Night
21:30:03,21,30,Night
10:50:06,10,50,Morning
18:59:02,18,59,Evening
19:00:00,19,0,Evening
21:39:10,21,39,Night
21:57:40,21,57,Night
21:59:17,21,59,Night
09:59:55,9,59,Morning
10:01:40,10,1,Morning
13:19:19,13,19,Afternoon
13:20:31,13,20,Afternoon
18:12:16,18,12,Evening
19:30:26,19,30,Evening
19:47:06,19,47,Evening
19:48:06,19,48,Evening
19:49:54,19,49,Evening
19:51:00,19,51,Evening
19:52:18,19,52,Evening
19:55:37,19,55,Evening
08:39:50,8,39,Morning
09:37:48,9,37,Morning
12:53:15,12,53,Afternoon
15:37:20,15,37,Afternoon
22:10:22,22,10,Night
18:12:01,18,12,Evening
18:13:50,18,13,Evening
21:06:46,21,6,Night
21:30:36,21,30,Night
11:44:39,11,44,Morning
11:49:36,11,49,Morning
11:50:44,11,50,Morning
15:02:28,15,2,Afternoon
16:46:00,16,46,Afternoon
16:47:00,16,47,Afternoon
08:19:24,8,19,Morning
10:28:26,10,28,Morning
11:34:52,11,34,Morning
09:33:01,9,33,Morning
16:32:29,16,32,Afternoon
16:34:01,16,34,Afternoon
21:21:53,21,21,Night
21:27:00,21,27,Night
21:28:14,21,28,Night
09:15:43,9,15,Morning
16:11:48,16,11,Afternoon
21:44:03,21,44,Night
21:50:31,21,50,Night
08:08:35,8,8,Morning
17:51:53,17,51,Evening
21:50:55,21,50,Night
21:52:01,21,52,Night
22:28:19,22,28,Night
09:47:10,9,47,Morning
11:40:19,11,40,Morning
11:41:26,11,41,Morning
12:30:24,12,30,Afternoon
12:31:42,12,31,Afternoon
17:23:43,17,23,Evening
17:24:52,17,24,Evening
21:27:22,21,27,Night
10:28:09,10,28,Morning
13:05:50,13,5,Afternoon
16:54:41,16,54,Afternoon
21:04:09,21,4,Night
18:07:26,18,7,Evening
18:56:51,18,56,Evening
18:57:54,18,57,Evening
10:42:54,10,42,Morning
10:45:00,10,45,Morning
12:48:05,12,48,Afternoon
14:03:13,14,3,Afternoon
16:31:24,16,31,Afternoon
22:02:23,22,2,Night
13:51:14,13,51,Afternoon
16:01:16,16,1,Afternoon
16:50:25,16,50,Afternoon
16:53:15,16,53,Afternoon
16:54:22,16,54,Afternoon
16:55:31,16,55,Afternoon
16:59:25,16,59,Afternoon
17:59:01,17,59,Evening
19:06:09,19,6,Evening
10:26:23,10,26,Morning
10:27:30,10,27,Morning
12:20:28,12,20,Afternoon
13:43:43,13,43,Afternoon
13:44:43,13,44,Afternoon
18:55:56,18,55,Evening
19:55:07,19,55,Evening
22:11:56,22,11,Night
22:18:03,22,18,Night
22:18:56,22,18,Night
22:20:01,22,20,Night
22:21:09,22,21,Night
10:28:06,10,28,Morning
17:15:46,17,15,Evening
17:17:01,17,17,Evening
19:09:46,19,9,Evening
19:10:39,19,10,Evening
09:14:29,9,14,Morning
09:15:36,9,15,Morning
09:28:48,9,28,Morning
09:29:56,9,29,Morning
14:56:30,14,56,Afternoon
14:57:47,14,57,Afternoon
17:07:50,17,7,Evening
19:33:27,19,33,Evening
20:01:31,20,1,Evening
22:33:36,22,33,Night
07:33:07,7,33,Morning
12:02:50,12,2,Afternoon
14:40:24,14,40,Afternoon
19:30:34,19,30,Evening
22:14:46,22,14,Night
10:26:52,10,26,Morning
10:40:28,10,40,Morning
11:21:36,11,21,Morning
11:22:49,11,22,Morning
16:42:59,16,42,Afternoon
11:10:41,11,10,Morning
12:28:53,12,28,Afternoon
22:13:10,22,13,Night
11:27:27,11,27,Morning
16:48:18,16,48,Afternoon
22:22:13,22,22,Night
22:30:58,22,30,Night
08:03:17,8,3,Morning
11:48:33,11,48,Morning
22:33:25,22,33,Night
22:34:14,22,34,Night
22:35:29,22,35,Night
10:38:10,10,38,Morning
11:41:38,11,41,Morning
10:54:24,10,54,Morning
10:55:30,10,55,Morning
10:56:30,10,56,Morning
10:57:54,10,57,Morning
11:02:11,11,2,Morning
22:31:29,22,31,Night
07:33:05,7,33,Morning
12:23:37,12,23,Afternoon
19:29:25,19,29,Evening
13:04:59,13,4,Afternoon
11:10:13,11,10,Morning
11:11:23,11,11,Morning
11:32:59,11,32,Morning
11:34:48,11,34,Morning
11:35:51,11,35,Morning
13:23:33,13,23,Afternoon
18:18:23,18,18,Evening
19:30:50,19,30,Evening
21:19:41,21,19,Night
21:21:59,21,21,Night
21:46:18,21,46,Night
11:03:02,11,3,Morning
11:16:20,11,16,Morning
12:58:37,12,58,Afternoon
12:59:55,12,59,Afternoon
14:09:20,14,9,Afternoon
14:11:22,14,11,Afternoon
16:36:19,16,36,Afternoon
16:37:35,16,37,Afternoon
08:05:44,8,5,Morning
08:06:48,8,6,Morning
08:07:51,8,7,Morning
09:00:53,9,0,Morning
09:02:27,9,2,Morning
10:39:21,10,39,Morning
15:15:09,15,15,Afternoon
10:30:55,10,30,Morning
11:39:28,11,39,Morning
13:34:30,13,34,Afternoon
13:42:31,13,42,Afternoon
08:13:23,8,13,Morning
08:40:49,8,40,Morning
10:15:37,10,15,Morning
16:44:37,16,44,Afternoon
08:12:56,8,12,Morning
08:40:18,8,40,Morning
08:44:53,8,44,Morning
08:49:25,8,49,Morning
08:51:10,8,51,Morning
09:01:45,9,1,Morning
10:03:36,10,3,Morning
15:20:04,15,20,Afternoon
15:21:01,15,21,Afternoon
21:01:40,21,1,Night
21:23:13,21,23,Night
21:24:22,21,24,Night
09:16:09,9,16,Morning
09:38:55,9,38,Morning
09:54:37,9,54,Morning
11:43:53,11,43,Morning
13:55:13,13,55,Afternoon
14:45:49,14,45,Afternoon
15:18:30,15,18,Afternoon
19:15:05,19,15,Evening
19:16:59,19,16,Evening
21:17:36,21,17,Night
21:18:41,21,18,Night
21:25:17,21,25,Night
07:54:47,7,54,Morning
08:49:18,8,49,Morning
10:29:44,10,29,Morning
11:26:04,11,26,Morning
15:25:06,15,25,Afternoon
19:21:00,19,21,Evening
21:06:01,21,6,Night
21:06:50,21,6,Night
22:38:51,22,38,Night
22:39:46,22,39,Night
08:33:01,8,33,Morning
09:19:37,9,19,Morning
09:20:34,9,20,Morning
09:33:11,9,33,Morning
09:34:16,9,34,Morning
09:59:07,9,59,Morning
10:00:02,10,0,Morning
11:47:13,11,47,Morning
12:07:01,12,7,Afternoon
12:28:08,12,28,Afternoon
12:29:17,12,29,Afternoon
13:09:56,13,9,Afternoon
17:23:29,17,23,Evening
17:58:29,17,58,Evening
21:15:09,21,15,Night
22:49:52,22,49,Night
09:09:16,9,9,Morning
11:55:31,11,55,Morning
12:25:10,12,25,Afternoon
12:26:13,12,26,Afternoon
12:33:23,12,33,Afternoon
14:28:41,14,28,Afternoon
14:51:53,14,51,Afternoon
17:02:33,17,2,Evening
17:03:39,17,3,Evening
17:09:00,17,9,Evening
17:10:08,17,10,Evening
20:55:20,20,55,Evening
22:56:23,22,56,Night
11:07:25,11,7,Morning
14:17:54,14,17,Afternoon
14:18:52,14,18,Afternoon
08:12:06,8,12,Morning
09:04:47,9,4,Morning
09:15:46,9,15,Morning
09:19:44,9,19,Morning
09:51:24,9,51,Morning
09:58:29,9,58,Morning
10:43:43,10,43,Morning
19:06:31,19,6,Evening
19:30:16,19,30,Evening
21:57:34,21,57,Night
07:41:10,7,41,Morning
08:05:07,8,5,Morning
08:20:51,8,20,Morning
09:13:43,9,13,Morning
10:17:11,10,17,Morning
10:19:34,10,19,Morning
10:23:20,10,23,Morning
11:12:07,11,12,Morning
11:13:16,11,13,Morning
11:14:41,11,14,Morning
11:16:01,11,16,Morning
11:30:34,11,30,Morning
11:31:40,11,31,Morning
12:08:07,12,8,Afternoon
15:16:09,15,16,Afternoon
16:08:52,16,8,Afternoon
16:09:43,16,9,Afternoon
20:24:19,20,24,Evening
20:53:51,20,53,Evening
20:54:46,20,54,Evening
20:57:02,20,57,Evening
21:33:19,21,33,Night
22:15:21,22,15,Night
22:16:19,22,16,Night
07:59:52,7,59,Morning
08:37:41,8,37,Morning
08:38:38,8,38,Morning
09:54:45,9,54,Morning
09:55:45,9,55,Morning
09:58:15,9,58,Morning
13:11:42,13,11,Afternoon
13:14:00,13,14,Afternoon
13:24:49,13,24,Afternoon
17:48:06,17,48,Evening
18:04:14,18,4,Evening
19:22:38,19,22,Evening
19:28:45,19,28,Evening
20:46:42,20,46,Evening
20:50:07,20,50,Evening
20:51:10,20,51,Evening
20:52:14,20,52,Evening
20:53:35,20,53,Evening
20:59:25,20,59,Evening
21:26:26,21,26,Night
21:54:11,21,54,Night
21:55:16,21,55,Night
07:31:00,7,31,Morning
09:25:20,9,25,Morning
11:04:14,11,4,Morning
11:22:46,11,22,Morning
13:22:46,13,22,Afternoon
13:23:37,13,23,Afternoon
13:49:07,13,49,Afternoon
15:43:43,15,43,Afternoon
16:24:00,16,24,Afternoon
16:26:07,16,26,Afternoon
17:23:35,17,23,Evening
20:41:28,20,41,Evening
09:01:54,9,1,Morning
09:35:02,9,35,Morning
11:09:19,11,9,Morning
18:08:35,18,8,Evening
21:23:04,21,23,Night
08:53:46,8,53,Morning
09:37:19,9,37,Morning
09:38:41,9,38,Morning
10:12:25,10,12,Morning
11:20:26,11,20,Morning
11:21:22,11,21,Morning
11:56:36,11,56,Morning
11:57:31,11,57,Morning
12:03:35,12,3,Afternoon
16:53:59,16,53,Afternoon
18:38:42,18,38,Evening
21:30:48,21,30,Night
21:33:06,21,33,Night
08:18:37,8,18,Morning
10:37:51,10,37,Morning
11:50:54,11,50,Morning
11:52:33,11,52,Morning
15:33:52,15,33,Afternoon
15:35:05,15,35,Afternoon
08:50:05,8,50,Morning
09:19:19,9,19,Morning
11:20:47,11,20,Morning
13:45:22,13,45,Afternoon
16:05:57,16,5,Afternoon
16:07:18,16,7,Afternoon
17:44:24,17,44,Evening
17:45:32,17,45,Evening
19:20:02,19,20,Evening
19:34:51,19,34,Evening
20:49:30,20,49,Evening
20:50:21,20,50,Evening
22:43:48,22,43,Night
10:21:03,10,21,Morning
10:32:32,10,32,Morning
17:40:49,17,40,Evening
17:42:52,17,42,Evening
17:44:05,17,44,Evening
19:04:04,19,4,Evening
19:05:23,19,5,Evening
20:04:27,20,4,Evening
08:55:48,8,55,Morning
12:12:26,12,12,Afternoon
12:13:40,12,13,Afternoon
13:11:16,13,11,Afternoon
16:19:01,16,19,Afternoon
19:36:22,19,36,Evening
20:40:09,20,40,Evening
21:18:11,21,18,Night
22:28:56,22,28,Night
22:32:15,22,32,Night
08:46:36,8,46,Morning
08:47:28,8,47,Morning
12:27:05,12,27,Afternoon
12:43:19,12,43,Afternoon
12:44:14,12,44,Afternoon
16:57:53,16,57,Afternoon
17:17:51,17,17,Evening
21:25:59,21,25,Night
07:35:22,7,35,Morning
09:53:34,9,53,Morning
10:13:07,10,13,Morning
10:26:47,10,26,Morning
11:28:08,11,28,Morning
11:29:48,11,29,Morning
18:56:27,18,56,Evening
19:03:06,19,3,Evening
08:36:44,8,36,Morning
08:37:57,8,37,Morning
08:45:09,8,45,Morning
11:54:23,11,54,Morning
12:15:10,12,15,Afternoon
12:33:12,12,33,Afternoon
16:06:12,16,6,Afternoon
21:16:48,21,16,Night
21:17:41,21,17,Night
21:37:41,21,37,Night
09:52:36,9,52,Morning
09:53:43,9,53,Morning
10:17:23,10,17,Morning
11:56:41,11,56,Morning
11:57:41,11,57,Morning
12:20:19,12,20,Afternoon
15:53:51,15,53,Afternoon
15:55:14,15,55,Afternoon
16:27:35,16,27,Afternoon
16:28:38,16,28,Afternoon
21:30:32,21,30,Night
21:41:09,21,41,Night
21:43:10,21,43,Night
22:39:29,22,39,Night
08:26:19,8,26,Morning
11:15:04,11,15,Morning
11:19:29,11,19,Morning
11:20:23,11,20,Morning
11:44:28,11,44,Morning
14:04:03,14,4,Afternoon
14:05:06,14,5,Afternoon
18:05:04,18,5,Evening
21:25:49,21,25,Night
21:37:38,21,37,Night
22:58:20,22,58,Night
22:59:18,22,59,Night
08:44:30,8,44,Morning
09:14:21,9,14,Morning
09:45:56,9,45,Morning
10:42:08,10,42,Morning
11:59:47,11,59,Morning
13:01:41,13,1,Afternoon
14:45:39,14,45,Afternoon
15:47:56,15,47,Afternoon
15:55:29,15,55,Afternoon
20:29:34,20,29,Evening
20:30:37,20,30,Evening
20:44:22,20,44,Evening
21:00:44,21,0,Night
07:35:48,7,35,Morning
07:36:55,7,36,Morning
10:09:29,10,9,Morning
11:39:07,11,39,Morning
12:49:16,12,49,Afternoon
12:51:04,12,51,Afternoon
15:21:27,15,21,Afternoon
17:24:22,17,24,Evening
18:10:03,18,10,Evening
18:59:18,18,59,Evening
19:35:48,19,35,Evening
21:41:33,21,41,Night
09:36:11,9,36,Morning
09:37:02,9,37,Morning
09:38:04,9,38,Morning
09:38:49,9,38,Morning
12:38:37,12,38,Afternoon
13:48:13,13,48,Afternoon
14:17:48,14,17,Afternoon
14:18:50,14,18,Afternoon
17:53:52,17,53,Evening
19:10:58,19,10,Evening
19:11:54,19,11,Evening
19:42:37,19,42,Evening
20:40:41,20,40,Evening
21:35:20,21,35,Night
21:36:11,21,36,Night
12:29:16,12,29,Afternoon
12:54:17,12,54,Afternoon
13:36:12,13,36,Afternoon
15:18:51,15,18,Afternoon
15:19:39,15,19,Afternoon
09:16:53,9,16,Morning
09:18:08,9,18,Morning
10:53:41,10,53,Morning
11:58:41,11,58,Morning
11:59:28,11,59,Morning
13:18:40,13,18,Afternoon
16:31:54,16,31,Afternoon
16:33:48,16,33,Afternoon
18:48:58,18,48,Evening
21:18:56,21,18,Night
22:42:39,22,42,Night
08:09:42,8,9,Morning
08:32:05,8,32,Morning
08:41:06,8,41,Morning
08:56:01,8,56,Morning
12:31:40,12,31,Afternoon
14:30:21,14,30,Afternoon
18:24:10,18,24,Evening
18:26:03,18,26,Evening
18:27:17,18,27,Evening
18:28:13,18,28,Evening
15:09:48,15,9,Afternoon
15:10:51,15,10,Afternoon
21:21:12,21,21,Night
21:31:57,21,31,Night
08:27:16,8,27,Morning
08:29:14,8,29,Morning
08:49:47,8,49,Morning
08:50:36,8,50,Morning
09:14:54,9,14,Morning
11:09:55,11,9,Morning
11:11:39,11,11,Morning
11:42:20,11,42,Morning
20:42:40,20,42,Evening
20:44:14,20,44,Evening
20:45:12,20,45,Evening
20:46:03,20,46,Evening
07:59:13,7,59,Morning
08:40:27,8,40,Morning
10:13:32,10,13,Morning
10:38:44,10,38,Morning
11:51:41,11,51,Morning
13:17:10,13,17,Afternoon
19:42:03,19,42,Evening
09:22:26,9,22,Morning
10:09:23,10,9,Morning
10:47:59,10,47,Morning
14:16:12,14,16,Afternoon
14:26:58,14,26,Afternoon
15:07:07,15,7,Afternoon
15:27:27,15,27,Afternoon
07:43:16,7,43,Morning
08:22:56,8,22,Morning
08:33:38,8,33,Morning
08:34:35,8,34,Morning
09:14:52,9,14,Morning
10:10:58,10,10,Morning
10:11:55,10,11,Morning
11:12:59,11,12,Morning
13:24:54,13,24,Afternoon
15:28:52,15,28,Afternoon
19:48:02,19,48,Evening
08:13:42,8,13,Morning
08:14:47,8,14,Morning
08:44:11,8,44,Morning
10:18:09,10,18,Morning
10:18:52,10,18,Morning
10:19:49,10,19,Morning
08:14:37,8,14,Morning
08:26:27,8,26,Morning
08:27:36,8,27,Morning
09:24:22,9,24,Morning
12:41:42,12,41,Afternoon
14:53:02,14,53,Afternoon
08:11:47,8,11,Morning
08:16:09,8,16,Morning
08:17:23,8,17,Morning
09:21:36,9,21,Morning
10:37:44,10,37,Morning
10:38:49,10,38,Morning
12:45:13,12,45,Afternoon
18:53:27,18,53,Evening
18:54:31,18,54,Evening
22:55:39,22,55,Night
10:04:04,10,4,Morning
12:08:18,12,8,Afternoon
12:10:04,12,10,Afternoon
12:35:06,12,35,Afternoon
13:48:35,13,48,Afternoon
07:29:30,7,29,Morning
17:13:30,17,13,Evening
17:14:32,17,14,Evening
17:15:35,17,15,Evening
09:08:32,9,8,Morning
10:02:08,10,2,Morning
10:22:26,10,22,Morning
11:29:54,11,29,Morning
11:33:39,11,33,Morning
11:34:32,11,34,Morning
09:34:15,9,34,Morning
12:11:24,12,11,Afternoon
12:30:08,12,30,Afternoon
12:32:22,12,32,Afternoon
12:50:17,12,50,Afternoon
13:57:33,13,57,Afternoon
14:44:04,14,44,Afternoon
17:20:46,17,20,Evening
17:23:13,17,23,Evening
17:24:49,17,24,Evening
08:24:39,8,24,Morning
08:50:17,8,50,Morning
08:51:33,8,51,Morning
14:58:47,14,58,Afternoon
20:09:43,20,9,Evening
20:11:17,20,11,Evening
20:52:31,20,52,Evening
20:53:29,20,53,Evening
08:22:15,8,22,Morning
08:28:12,8,28,Morning
08:41:11,8,41,Morning
09:03:12,9,3,Morning
09:04:11,9,4,Morning
09:12:48,9,12,Morning
09:13:33,9,13,Morning
09:17:02,9,17,Morning
09:20:17,9,20,Morning
09:37:52,9,37,Morning
09:38:56,9,38,Morning
12:56:53,12,56,Afternoon
14:14:51,14,14,Afternoon
14:16:17,14,16,Afternoon
18:48:34,18,48,Evening
19:11:12,19,11,Evening
19:17:13,19,17,Evening
11:11:21,11,11,Morning
11:33:36,11,33,Morning
11:48:03,11,48,Morning
11:55:34,11,55,Morning
12:53:31,12,53,Afternoon
13:03:50,13,3,Afternoon
13:05:16,13,5,Afternoon
18:03:46,18,3,Evening
19:41:41,19,41,Evening
21:19:35,21,19,Night
09:31:17,9,31,Morning
10:28:56,10,28,Morning
11:06:30,11,6,Morning
14:00:27,14,0,Afternoon
15:25:12,15,25,Afternoon
16:38:50,16,38,Afternoon
16:39:59,16,39,Afternoon
17:04:28,17,4,Evening
17:05:31,17,5,Evening
20:30:14,20,30,Evening
20:54:24,20,54,Evening
20:55:31,20,55,Evening
21:26:28,21,26,Night
21:27:29,21,27,Night
08:25:33,8,25,Morning
08:34:46,8,34,Morning
08:54:41,8,54,Morning
09:50:39,9,50,Morning
09:51:52,9,51,Morning
10:30:06,10,30,Morning
11:23:25,11,23,Morning
11:24:29,11,24,Morning
20:00:12,20,0,Evening
21:09:31,21,9,Night
08:48:57,8,48,Morning
09:52:02,9,52,Morning
09:53:03,9,53,Morning
09:54:41,9,54,Morning
09:57:47,9,57,Morning
09:59:02,9,59,Morning
10:00:19,10,0,Morning
10:22:44,10,22,Morning
10:37:52,10,37,Morning
10:40:12,10,40,Morning
10:53:32,10,53,Morning
11:18:56,11,18,Morning
11:20:00,11,20,Morning
11:20:57,11,20,Morning
15:55:08,15,55,Afternoon
16:20:01,16,20,Afternoon
16:20:59,16,20,Afternoon
19:35:04,19,35,Evening
19:36:05,19,36,Evening
19:37:15,19,37,Evening
20:13:51,20,13,Evening
20:14:59,20,14,Evening
08:15:40,8,15,Morning
09:18:17,9,18,Morning
09:19:12,9,19,Morning
10:05:56,10,5,Morning
12:43:28,12,43,Afternoon
20:13:32,20,13,Evening
07:51:13,7,51,Morning
07:53:51,7,53,Morning
07:55:21,7,55,Morning
07:56:37,7,56,Morning
09:49:50,9,49,Morning
09:50:51,9,50,Morning
09:59:10,9,59,Morning
11:11:36,11,11,Morning
11:12:50,11,12,Morning
11:29:49,11,29,Morning
12:06:59,12,6,Afternoon
15:12:13,15,12,Afternoon
15:13:24,15,13,Afternoon
17:24:10,17,24,Evening
18:13:46,18,13,Evening
20:07:36,20,7,Evening
20:13:43,20,13,Evening
08:12:02,8,12,Morning
09:32:46,9,32,Morning
15:21:54,15,21,Afternoon
15:23:05,15,23,Afternoon
18:43:41,18,43,Evening
18:45:22,18,45,Evening
19:02:43,19,2,Evening
21:29:34,21,29,Night
21:30:27,21,30,Night
08:47:22,8,47,Morning
09:28:46,9,28,Morning
10:52:09,10,52,Morning
19:53:12,19,53,Evening
20:13:14,20,13,Evening
20:14:18,20,14,Evening
20:15:19,20,15,Evening
21:01:34,21,1,Night
10:57:25,10,57,Morning
10:58:19,10,58,Morning
11:27:36,11,27,Morning
12:08:22,12,8,Afternoon
12:31:06,12,31,Afternoon
12:37:20,12,37,Afternoon
12:38:09,12,38,Afternoon
17:01:25,17,1,Evening
21:09:10,21,9,Night
21:10:21,21,10,Night
21:13:16,21,13,Night
07:56:53,7,56,Morning
08:41:02,8,41,Morning
08:54:15,8,54,Morning
09:51:19,9,51,Morning
15:38:18,15,38,Afternoon
15:50:53,15,50,Afternoon
16:29:19,16,29,Afternoon
16:30:16,16,30,Afternoon
08:42:40,8,42,Morning
09:49:38,9,49,Morning
13:49:37,13,49,Afternoon
14:36:19,14,36,Afternoon
14:37:20,14,37,Afternoon
13:32:22,13,32,Afternoon
13:33:36,13,33,Afternoon
15:23:19,15,23,Afternoon
17:16:05,17,16,Evening
17:18:03,17,18,Evening
18:54:45,18,54,Evening
18:56:05,18,56,Evening
21:10:18,21,10,Night
21:11:32,21,11,Night
21:37:47,21,37,Night
21:38:48,21,38,Night
07:54:57,7,54,Morning
08:09:00,8,9,Morning
08:37:37,8,37,Morning
08:42:31,8,42,Morning
09:10:03,9,10,Morning
09:11:08,9,11,Morning
09:34:56,9,34,Morning
12:38:33,12,38,Afternoon
12:39:33,12,39,Afternoon
12:44:15,12,44,Afternoon
13:54:23,13,54,Afternoon
13:55:31,13,55,Afternoon
16:29:37,16,29,Afternoon
16:31:00,16,31,Afternoon
18:54:23,18,54,Evening
19:00:45,19,0,Evening
19:12:47,19,12,Evening
19:13:59,19,13,Evening
19:14:59,19,14,Evening
19:31:57,19,31,Evening
22:19:35,22,19,Night
22:20:19,22,20,Night
14:29:48,14,29,Afternoon
17:34:19,17,34,Evening
21:15:38,21,15,Night
21:18:21,21,18,Night
08:17:18,8,17,Morning
08:30:29,8,30,Morning
10:01:30,10,1,Morning
12:59:33,12,59,Afternoon
13:00:33,13,0,Afternoon
13:45:42,13,45,Afternoon
08:34:56,8,34,Morning
09:46:15,9,46,Morning
13:39:55,13,39,Afternoon
20:39:23,20,39,Evening
21:31:36,21,31,Night
21:32:43,21,32,Night
11:01:14,11,1,Morning
11:02:13,11,2,Morning
11:37:47,11,37,Morning
11:38:44,11,38,Morning
15:10:09,15,10,Afternoon
15:36:13,15,36,Afternoon
18:16:28,18,16,Evening
18:17:30,18,17,Evening
20:29:42,20,29,Evening
20:30:38,20,30,Evening
20:33:58,20,33,Evening
20:35:30,20,35,Evening
22:18:46,22,18,Night
22:19:50,22,19,Night
22:20:48,22,20,Night
08:32:54,8,32,Morning
10:12:09,10,12,Morning
10:13:08,10,13,Morning
11:06:26,11,6,Morning
11:07:36,11,7,Morning
11:51:59,11,51,Morning
11:55:12,11,55,Morning
12:07:20,12,7,Afternoon
13:28:14,13,28,Afternoon
13:29:35,13,29,Afternoon
13:33:34,13,33,Afternoon
15:34:10,15,34,Afternoon
15:35:24,15,35,Afternoon
16:25:03,16,25,Afternoon
20:19:10,20,19,Evening
20:20:35,20,20,Evening
20:46:26,20,46,Evening
20:47:35,20,47,Evening
21:07:04,21,7,Night
21:08:14,21,8,Night
21:54:04,21,54,Night
21:54:54,21,54,Night
22:37:02,22,37,Night
22:37:58,22,37,Night
09:03:36,9,3,Morning
10:04:17,10,4,Morning
12:11:04,12,11,Afternoon
14:08:51,14,8,Afternoon
17:27:47,17,27,Evening
18:48:30,18,48,Evening
19:47:21,19,47,Evening
20:09:45,20,9,Evening
22:13:30,22,13,Night
22:15:14,22,15,Night
08:33:32,8,33,Morning
12:23:56,12,23,Afternoon
12:24:54,12,24,Afternoon
12:46:44,12,46,Afternoon
14:11:39,14,11,Afternoon
14:31:28,14,31,Afternoon
15:37:23,15,37,Afternoon
16:38:48,16,38,Afternoon
18:43:02,18,43,Evening
18:43:54,18,43,Evening
20:15:50,20,15,Evening
21:05:14,21,5,Night
21:06:32,21,6,Night
21:07:34,21,7,Night
07:51:21,7,51,Morning
11:35:32,11,35,Morning
11:51:15,11,51,Morning
11:52:53,11,52,Morning
13:54:51,13,54,Afternoon
13:55:59,13,55,Afternoon
17:36:37,17,36,Evening
17:37:31,17,37,Evening
21:34:41,21,34,Night
22:18:51,22,18,Night
08:43:35,8,43,Morning
10:37:06,10,37,Morning
10:55:52,10,55,Morning
12:48:01,12,48,Afternoon
18:21:55,18,21,Evening
22:45:15,22,45,Night
22:46:17,22,46,Night
22:47:24,22,47,Night
09:29:45,9,29,Morning
09:33:43,9,33,Morning
09:41:04,9,41,Morning
10:46:56,10,46,Morning
11:35:00,11,35,Morning
13:25:05,13,25,Afternoon
13:28:33,13,28,Afternoon
13:33:52,13,33,Afternoon
18:07:43,18,7,Evening
18:08:58,18,8,Evening
18:37:45,18,37,Evening
18:40:53,18,40,Evening
20:18:13,20,18,Evening
20:19:14,20,19,Evening
20:58:14,20,58,Evening
08:06:45,8,6,Morning
09:31:14,9,31,Morning
14:25:47,14,25,Afternoon
16:57:20,16,57,Afternoon
17:26:16,17,26,Evening
20:34:31,20,34,Evening
20:38:36,20,38,Evening
22:16:36,22,16,Night
22:17:29,22,17,Night
22:18:16,22,18,Night
22:19:13,22,19,Night
10:48:45,10,48,Morning
10:50:05,10,50,Morning
10:51:03,10,51,Morning
10:52:23,10,52,Morning
10:53:42,10,53,Morning
12:35:43,12,35,Afternoon
12:50:58,12,50,Afternoon
12:54:15,12,54,Afternoon
12:55:21,12,55,Afternoon
18:02:27,18,2,Evening
22:31:02,22,31,Night
08:08:47,8,8,Morning
08:58:54,8,58,Morning
09:00:04,9,0,Morning
10:01:09,10,1,Morning
10:05:18,10,5,Morning
11:32:54,11,32,Morning
16:45:44,16,45,Afternoon
19:32:18,19,32,Evening
19:53:14,19,53,Evening
19:54:17,19,54,Evening
19:59:18,19,59,Evening
20:00:42,20,0,Evening
20:01:42,20,1,Evening
21:41:07,21,41,Night
07:47:08,7,47,Morning
09:48:30,9,48,Morning
10:02:26,10,2,Morning
10:03:47,10,3,Morning
12:12:48,12,12,Afternoon
12:14:23,12,14,Afternoon
14:17:34,14,17,Afternoon
16:08:38,16,8,Afternoon
16:41:54,16,41,Afternoon
18:08:26,18,8,Evening
18:23:11,18,23,Evening
18:24:14,18,24,Evening
20:03:22,20,3,Evening
07:57:18,7,57,Morning
08:42:44,8,42,Morning
09:19:17,9,19,Morning
10:22:01,10,22,Morning
10:23:55,10,23,Morning
11:28:53,11,28,Morning
15:13:42,15,13,Afternoon
18:31:07,18,31,Evening
22:18:55,22,18,Night
22:19:40,22,19,Night
22:20:23,22,20,Night
13:47:35,13,47,Afternoon
15:12:05,15,12,Afternoon
20:12:57,20,12,Evening
20:14:04,20,14,Evening
21:21:06,21,21,Night
21:21:46,21,21,Night
21:29:03,21,29,Night
21:31:00,21,31,Night
08:44:00,8,44,Morning
08:45:38,8,45,Morning
09:30:22,9,30,Morning
09:31:27,9,31,Morning
09:53:58,9,53,Morning
09:55:04,9,55,Morning
17:35:14,17,35,Evening
17:42:22,17,42,Evening
17:44:36,17,44,Evening
09:00:46,9,0,Morning
09:01:42,9,1,Morning
09:35:44,9,35,Morning
13:12:13,13,12,Afternoon
20:08:38,20,8,Evening
20:09:33,20,9,Evening
10:05:43,10,5,Morning
10:06:47,10,6,Morning
11:55:28,11,55,Morning
12:09:03,12,9,Afternoon
12:10:17,12,10,Afternoon
12:11:43,12,11,Afternoon
13:46:03,13,46,Afternoon
13:47:01,13,47,Afternoon
13:50:00,13,50,Afternoon
13:51:04,13,51,Afternoon
13:51:56,13,51,Afternoon
16:31:33,16,31,Afternoon
16:35:45,16,35,Afternoon
18:17:44,18,17,Evening
18:35:16,18,35,Evening
21:09:12,21,9,Night
21:10:00,21,10,Night
21:10:45,21,10,Night
08:33:36,8,33,Morning
08:49:36,8,49,Morning
08:50:41,8,50,Morning
09:05:28,9,5,Morning
09:09:58,9,9,Morning
12:17:56,12,17,Afternoon
14:31:45,14,31,Afternoon
14:32:38,14,32,Afternoon
17:48:55,17,48,Evening
21:14:42,21,14,Night
21:15:20,21,15,Night
21:40:48,21,40,Night
08:11:50,8,11,Morning
09:05:14,9,5,Morning
10:22:31,10,22,Morning
10:27:08,10,27,Morning
11:30:10,11,30,Morning
12:48:04,12,48,Afternoon
12:49:04,12,49,Afternoon
13:04:00,13,4,Afternoon
14:42:52,14,42,Afternoon
15:13:41,15,13,Afternoon
15:19:52,15,19,Afternoon
15:50:43,15,50,Afternoon
20:40:40,20,40,Evening
20:41:33,20,41,Evening
20:51:08,20,51,Evening
21:24:32,21,24,Night
21:25:32,21,25,Night
07:54:42,7,54,Morning
08:25:57,8,25,Morning
09:43:21,9,43,Morning
09:59:39,9,59,Morning
10:37:56,10,37,Morning
11:18:02,11,18,Morning
13:03:08,13,3,Afternoon
13:52:34,13,52,Afternoon
17:26:44,17,26,Evening
17:27:48,17,27,Evening
17:49:59,17,49,Evening
20:49:12,20,49,Evening
08:48:06,8,48,Morning
09:23:20,9,23,Morning
09:51:44,9,51,Morning
10:05:09,10,5,Morning
10:42:43,10,42,Morning
10:43:30,10,43,Morning
10:55:32,10,55,Morning
11:04:19,11,4,Morning
15:05:42,15,5,Afternoon
17:40:44,17,40,Evening
18:18:32,18,18,Evening
18:56:30,18,56,Evening
18:57:35,18,57,Evening
22:33:16,22,33,Night
22:33:59,22,33,Night
07:54:51,7,54,Morning
08:00:50,8,0,Morning
08:12:20,8,12,Morning
08:28:18,8,28,Morning
08:29:22,8,29,Morning
08:55:43,8,55,Morning
08:56:58,8,56,Morning
08:58:09,8,58,Morning
09:31:42,9,31,Morning
09:38:46,9,38,Morning
10:00:40,10,0,Morning
10:01:54,10,1,Morning
13:05:01,13,5,Afternoon
13:29:02,13,29,Afternoon
13:30:09,13,30,Afternoon
14:33:40,14,33,Afternoon
14:35:29,14,35,Afternoon
14:50:08,14,50,Afternoon
17:12:07,17,12,Evening
17:13:21,17,13,Evening
17:26:11,17,26,Evening
21:48:37,21,48,Night
21:53:53,21,53,Night
22:36:27,22,36,Night
22:37:26,22,37,Night
08:28:15,8,28,Morning
10:31:38,10,31,Morning
10:32:55,10,32,Morning
11:52:15,11,52,Morning
11:53:41,11,53,Morning
13:18:47,13,18,Afternoon
20:10:53,20,10,Evening
09:54:55,9,54,Morning
12:20:46,12,20,Afternoon
13:32:29,13,32,Afternoon
13:33:29,13,33,Afternoon
13:34:25,13,34,Afternoon
17:53:20,17,53,Evening
17:54:22,17,54,Evening
18:22:58,18,22,Evening
20:43:04,20,43,Evening
08:26:54,8,26,Morning
09:49:54,9,49,Morning
10:27:51,10,27,Morning
10:38:06,10,38,Morning
10:39:13,10,39,Morning
11:23:50,11,23,Morning
11:25:37,11,25,Morning
11:26:45,11,26,Morning
14:36:07,14,36,Afternoon
14:49:51,14,49,Afternoon
16:37:47,16,37,Afternoon
18:19:19,18,19,Evening
18:20:20,18,20,Evening
22:08:53,22,8,Night
22:10:23,22,10,Night
22:21:53,22,21,Night
08:14:28,8,14,Morning
08:34:17,8,34,Morning
11:13:21,11,13,Morning
11:15:20,11,15,Morning
11:16:27,11,16,Morning
13:00:43,13,0,Afternoon
13:15:44,13,15,Afternoon
15:32:11,15,32,Afternoon
15:54:16,15,54,Afternoon
15:55:19,15,55,Afternoon
17:04:11,17,4,Evening
19:22:21,19,22,Evening
19:23:17,19,23,Evening
20:11:14,20,11,Evening
20:12:28,20,12,Evening
21:18:08,21,18,Night
21:35:19,21,35,Night
22:15:19,22,15,Night
08:21:26,8,21,Morning
08:36:23,8,36,Morning
09:25:51,9,25,Morning
10:15:47,10,15,Morning
10:16:53,10,16,Morning
10:45:24,10,45,Morning
11:49:44,11,49,Morning
12:29:44,12,29,Afternoon
13:20:10,13,20,Afternoon
16:45:29,16,45,Afternoon
17:43:20,17,43,Evening
19:37:42,19,37,Evening
19:38:36,19,38,Evening
21:20:28,21,20,Night
07:47:00,7,47,Morning
07:58:06,7,58,Morning
09:24:27,9,24,Morning
10:26:37,10,26,Morning
10:44:54,10,44,Morning
11:59:26,11,59,Morning
13:57:24,13,57,Afternoon
14:34:42,14,34,Afternoon
16:37:12,16,37,Afternoon
16:38:17,16,38,Afternoon
16:39:09,16,39,Afternoon
16:48:35,16,48,Afternoon
16:49:33,16,49,Afternoon
17:08:27,17,8,Evening
17:09:30,17,9,Evening
19:43:12,19,43,Evening
20:11:36,20,11,Evening
21:46:12,21,46,Night
21:47:20,21,47,Night
21:48:31,21,48,Night
21:49:54,21,49,Night
08:41:59,8,41,Morning
08:42:59,8,42,Morning
09:32:41,9,32,Morning
09:34:08,9,34,Morning
09:55:20,9,55,Morning
11:54:58,11,54,Morning
14:51:04,14,51,Afternoon
14:52:15,14,52,Afternoon
15:39:19,15,39,Afternoon
16:09:57,16,9,Afternoon
17:45:38,17,45,Evening
21:14:40,21,14,Night
21:15:22,21,15,Night
21:52:23,21,52,Night
22:03:26,22,3,Night
08:34:13,8,34,Morning
13:22:06,13,22,Afternoon
14:10:32,14,10,Afternoon
15:56:55,15,56,Afternoon
15:59:24,15,59,Afternoon
16:02:45,16,2,Afternoon
16:17:42,16,17,Afternoon
21:46:45,21,46,Night
22:46:37,22,46,Night
08:40:43,8,40,Morning
08:41:50,8,41,Morning
11:16:51,11,16,Morning
14:28:46,14,28,Afternoon
14:29:43,14,29,Afternoon
15:52:45,15,52,Afternoon
16:45:09,16,45,Afternoon
16:46:04,16,46,Afternoon
18:34:16,18,34,Evening
18:35:08,18,35,Evening
21:14:18,21,14,Night
21:15:17,21,15,Night
21:17:26,21,17,Night
21:25:00,21,25,Night
07:48:43,7,48,Morning
08:19:56,8,19,Morning
09:04:54,9,4,Morning
09:34:25,9,34,Morning
10:25:09,10,25,Morning
10:41:44,10,41,Morning
10:42:35,10,42,Morning
11:27:41,11,27,Morning
12:40:24,12,40,Afternoon
14:42:56,14,42,Afternoon
14:43:58,14,43,Afternoon
15:27:02,15,27,Afternoon
15:39:04,15,39,Afternoon
16:42:57,16,42,Afternoon
16:55:22,16,55,Afternoon
19:21:13,19,21,Evening
21:05:36,21,5,Night
22:30:44,22,30,Night
22:31:33,22,31,Night
07:32:59,7,32,Morning
07:34:00,7,34,Morning
08:25:32,8,25,Morning
09:17:50,9,17,Morning
10:51:32,10,51,Morning
10:52:17,10,52,Morning
18:07:02,18,7,Evening
19:46:39,19,46,Evening
19:47:50,19,47,Evening
08:45:14,8,45,Morning
10:24:57,10,24,Morning
12:31:05,12,31,Afternoon
16:20:02,16,20,Afternoon
16:21:09,16,21,Afternoon
16:42:30,16,42,Afternoon
17:02:46,17,2,Evening
18:58:58,18,58,Evening
19:00:43,19,0,Evening
21:57:20,21,57,Night
21:58:23,21,58,Night
22:23:38,22,23,Night
12:07:46,12,7,Afternoon
13:23:59,13,23,Afternoon
14:09:46,14,9,Afternoon
14:49:01,14,49,Afternoon
14:49:49,14,49,Afternoon
15:48:29,15,48,Afternoon
18:53:47,18,53,Evening
18:55:07,18,55,Evening
19:50:18,19,50,Evening
20:44:11,20,44,Evening
21:14:44,21,14,Night
21:15:29,21,15,Night
21:56:20,21,56,Night
21:57:10,21,57,Night
07:38:11,7,38,Morning
07:45:22,7,45,Morning
08:10:04,8,10,Morning
08:10:54,8,10,Morning
08:18:49,8,18,Morning
10:03:28,10,3,Morning
10:05:21,10,5,Morning
10:51:01,10,51,Morning
11:49:42,11,49,Morning
11:50:30,11,50,Morning
12:06:50,12,6,Afternoon
12:40:37,12,40,Afternoon
14:23:16,14,23,Afternoon
22:19:23,22,19,Night
22:22:31,22,22,Night
07:49:59,7,49,Morning
08:41:44,8,41,Morning
08:52:59,8,52,Morning
10:24:38,10,24,Morning
12:18:09,12,18,Afternoon
13:03:31,13,3,Afternoon
14:34:58,14,34,Afternoon
14:36:14,14,36,Afternoon
15:05:22,15,5,Afternoon
15:06:19,15,6,Afternoon
15:38:28,15,38,Afternoon
15:39:29,15,39,Afternoon
15:52:01,15,52,Afternoon
15:53:21,15,53,Afternoon
19:19:21,19,19,Evening
20:34:46,20,34,Evening
11:01:56,11,1,Morning
12:53:25,12,53,Afternoon
12:54:27,12,54,Afternoon
13:43:46,13,43,Afternoon
16:17:06,16,17,Afternoon
07:46:28,7,46,Morning
08:01:12,8,1,Morning
08:35:02,8,35,Morning
09:15:42,9,15,Morning
11:42:36,11,42,Morning
11:43:43,11,43,Morning
12:01:36,12,1,Afternoon
12:02:34,12,2,Afternoon
12:21:30,12,21,Afternoon
14:10:54,14,10,Afternoon
14:11:56,14,11,Afternoon
14:30:59,14,30,Afternoon
16:01:20,16,1,Afternoon
17:55:18,17,55,Evening
17:56:02,17,56,Evening
19:10:25,19,10,Evening
21:20:03,21,20,Night
22:05:50,22,5,Night
08:40:52,8,40,Morning
08:47:05,8,47,Morning
09:31:57,9,31,Morning
11:59:46,11,59,Morning
12:21:36,12,21,Afternoon
14:15:43,14,15,Afternoon
14:17:00,14,17,Afternoon
14:37:35,14,37,Afternoon
16:09:33,16,9,Afternoon
16:10:56,16,10,Afternoon
16:17:33,16,17,Afternoon
18:02:04,18,2,Evening
18:02:57,18,2,Evening
19:02:05,19,2,Evening
19:05:44,19,5,Evening
19:51:12,19,51,Evening
19:54:02,19,54,Evening
20:07:35,20,7,Evening
07:52:05,7,52,Morning
08:46:26,8,46,Morning
08:47:29,8,47,Morning
09:11:29,9,11,Morning
10:31:53,10,31,Morning
10:33:07,10,33,Morning
12:08:45,12,8,Afternoon
12:09:46,12,9,Afternoon
12:10:58,12,10,Afternoon
12:37:00,12,37,Afternoon
15:05:15,15,5,Afternoon
15:07:03,15,7,Afternoon
16:04:48,16,4,Afternoon
18:08:12,18,8,Evening
19:18:31,19,18,Evening
19:43:21,19,43,Evening
07:54:17,7,54,Morning
08:38:53,8,38,Morning
09:18:19,9,18,Morning
15:59:26,15,59,Afternoon
16:00:30,16,0,Afternoon
08:24:03,8,24,Morning
08:30:57,8,30,Morning
12:41:26,12,41,Afternoon
12:42:18,12,42,Afternoon
15:55:42,15,55,Afternoon
22:41:55,22,41,Night
08:19:44,8,19,Morning
10:25:45,10,25,Morning
10:33:09,10,33,Morning
14:54:14,14,54,Afternoon
16:24:15,16,24,Afternoon
16:25:57,16,25,Afternoon
16:37:05,16,37,Afternoon
18:18:27,18,18,Evening
18:58:23,18,58,Evening
08:23:00,8,23,Morning
09:47:06,9,47,Morning
09:48:12,9,48,Morning
13:13:51,13,13,Afternoon
13:14:56,13,14,Afternoon
13:18:24,13,18,Afternoon
13:44:18,13,44,Afternoon
13:59:01,13,59,Afternoon
16:15:17,16,15,Afternoon
16:16:43,16,16,Afternoon
16:20:37,16,20,Afternoon
16:21:46,16,21,Afternoon
20:26:14,20,26,Evening
07:43:36,7,43,Morning
08:37:33,8,37,Morning
08:38:58,8,38,Morning
12:33:35,12,33,Afternoon
14:44:38,14,44,Afternoon
14:45:20,14,45,Afternoon
07:49:31,7,49,Morning
09:05:41,9,5,Morning
09:12:12,9,12,Morning
09:13:40,9,13,Morning
11:47:29,11,47,Morning
11:48:22,11,48,Morning
14:36:37,14,36,Afternoon
14:41:48,14,41,Afternoon
18:52:56,18,52,Evening
18:54:10,18,54,Evening
18:55:18,18,55,Evening
21:40:44,21,40,Night
21:42:02,21,42,Night
21:54:19,21,54,Night
22:06:38,22,6,Night
08:11:25,8,11,Morning
11:45:31,11,45,Morning
13:15:32,13,15,Afternoon
15:44:16,15,44,Afternoon
16:00:43,16,0,Afternoon
16:02:05,16,2,Afternoon
18:40:42,18,40,Evening
18:41:30,18,41,Evening
12:17:15,12,17,Afternoon
15:50:10,15,50,Afternoon
16:39:39,16,39,Afternoon
18:17:33,18,17,Evening
19:20:14,19,20,Evening
20:02:30,20,2,Evening
09:05:42,9,5,Morning
09:47:30,9,47,Morning
09:48:59,9,48,Morning
11:47:11,11,47,Morning
13:25:13,13,25,Afternoon
13:26:17,13,26,Afternoon
16:33:02,16,33,Afternoon
16:55:28,16,55,Afternoon
20:14:24,20,14,Evening
20:15:20,20,15,Evening
22:27:09,22,27,Night
10:08:18,10,8,Morning
11:02:08,11,2,Morning
11:03:00,11,3,Morning
11:08:44,11,8,Morning
13:50:14,13,50,Afternoon
13:50:55,13,50,Afternoon
14:21:51,14,21,Afternoon
14:22:50,14,22,Afternoon
14:37:33,14,37,Afternoon
15:29:50,15,29,Afternoon
16:15:47,16,15,Afternoon
16:16:52,16,16,Afternoon
20:42:04,20,42,Evening
20:43:27,20,43,Evening
22:13:27,22,13,Night
22:52:58,22,52,Night
22:54:19,22,54,Night
09:46:21,9,46,Morning
17:52:47,17,52,Evening
18:12:53,18,12,Evening
20:38:08,20,38,Evening
20:39:06,20,39,Evening
07:48:26,7,48,Morning
09:52:25,9,52,Morning
10:19:09,10,19,Morning
16:18:44,16,18,Afternoon
16:19:52,16,19,Afternoon
17:33:32,17,33,Evening
19:00:46,19,0,Evening
19:04:15,19,4,Evening
21:08:31,21,8,Night
21:09:46,21,9,Night
10:03:08,10,3,Morning
13:15:45,13,15,Afternoon
14:39:14,14,39,Afternoon
16:47:14,16,47,Afternoon
16:48:04,16,48,Afternoon
16:49:03,16,49,Afternoon
18:45:14,18,45,Evening
20:07:57,20,7,Evening
20:09:21,20,9,Evening
08:09:10,8,9,Morning
10:37:43,10,37,Morning
13:19:54,13,19,Afternoon
13:20:58,13,20,Afternoon
14:46:58,14,46,Afternoon
09:36:27,9,36,Morning
10:06:42,10,6,Morning
12:48:50,12,48,Afternoon
15:03:45,15,3,Afternoon
15:04:56,15,4,Afternoon
15:05:49,15,5,Afternoon
16:13:08,16,13,Afternoon
16:14:21,16,14,Afternoon
19:46:37,19,46,Evening
20:31:30,20,31,Evening
20:32:30,20,32,Evening
21:24:31,21,24,Night
22:40:42,22,40,Night
08:45:51,8,45,Morning
11:05:53,11,5,Morning
12:09:00,12,9,Afternoon
12:14:18,12,14,Afternoon
15:19:50,15,19,Afternoon
17:35:41,17,35,Evening
17:55:01,17,55,Evening
18:12:44,18,12,Evening
18:42:21,18,42,Evening
18:43:21,18,43,Evening
10:21:34,10,21,Morning
10:45:51,10,45,Morning
11:02:00,11,2,Morning
11:03:06,11,3,Morning
11:39:24,11,39,Morning
12:30:14,12,30,Afternoon
12:31:50,12,31,Afternoon
12:48:35,12,48,Afternoon
12:49:35,12,49,Afternoon
13:16:55,13,16,Afternoon
13:18:00,13,18,Afternoon
13:19:09,13,19,Afternoon
10:29:36,10,29,Morning
13:35:19,13,35,Afternoon
14:18:41,14,18,Afternoon
16:27:26,16,27,Afternoon
16:28:35,16,28,Afternoon
18:10:06,18,10,Evening
19:17:34,19,17,Evening
19:18:27,19,18,Evening
07:52:19,7,52,Morning
07:53:16,7,53,Morning
07:57:22,7,57,Morning
16:44:49,16,44,Afternoon
16:46:52,16,46,Afternoon
18:50:54,18,50,Evening
07:49:00,7,49,Morning
07:52:13,7,52,Morning
07:53:38,7,53,Morning
07:54:46,7,54,Morning
10:29:23,10,29,Morning
11:07:09,11,7,Morning
16:22:40,16,22,Afternoon
16:23:59,16,23,Afternoon
16:41:03,16,41,Afternoon
16:47:41,16,47,Afternoon
13:29:38,13,29,Afternoon
16:34:50,16,34,Afternoon
17:49:51,17,49,Evening
17:50:49,17,50,Evening
11:06:11,11,6,Morning
12:33:36,12,33,Afternoon
12:59:45,12,59,Afternoon
13:00:47,13,0,Afternoon
16:14:13,16,14,Afternoon
17:35:27,17,35,Evening
17:39:22,17,39,Evening
19:01:02,19,1,Evening
07:50:36,7,50,Morning
10:03:42,10,3,Morning
11:02:32,11,2,Morning
11:24:26,11,24,Morning
16:33:05,16,33,Afternoon
16:33:49,16,33,Afternoon
09:10:46,9,10,Morning
09:11:48,9,11,Morning
10:05:15,10,5,Morning
11:02:59,11,2,Morning
11:09:28,11,9,Morning
11:10:25,11,10,Morning
11:41:27,11,41,Morning
22:37:04,22,37,Night
08:17:07,8,17,Morning
07:49:17,7,49,Morning
07:54:23,7,54,Morning
09:12:20,9,12,Morning
10:38:08,10,38,Morning
12:52:41,12,52,Afternoon
16:30:56,16,30,Afternoon
19:01:59,19,1,Evening
19:37:58,19,37,Evening
21:42:15,21,42,Night
21:43:00,21,43,Night
07:54:37,7,54,Morning
11:02:56,11,2,Morning
11:03:47,11,3,Morning
11:06:09,11,6,Morning
16:03:54,16,3,Afternoon
16:05:00,16,5,Afternoon
17:11:37,17,11,Evening
17:12:34,17,12,Evening
19:47:24,19,47,Evening
08:41:16,8,41,Morning
09:14:00,9,14,Morning
20:24:42,20,24,Evening
20:25:45,20,25,Evening
22:00:15,22,0,Night
07:53:15,7,53,Morning
07:57:42,7,57,Morning
09:07:31,9,7,Morning
09:08:30,9,8,Morning
15:18:06,15,18,Afternoon
15:19:20,15,19,Afternoon
20:57:54,20,57,Evening
14:04:55,14,4,Afternoon
14:05:58,14,5,Afternoon
14:16:52,14,16,Afternoon
15:33:44,15,33,Afternoon
22:03:48,22,3,Night
10:15:31,10,15,Morning
10:16:31,10,16,Morning
10:22:46,10,22,Morning
14:34:22,14,34,Afternoon
15:09:12,15,9,Afternoon
15:09:56,15,9,Afternoon
15:43:02,15,43,Afternoon
15:56:31,15,56,Afternoon
15:57:49,15,57,Afternoon
16:32:59,16,32,Afternoon
16:34:30,16,34,Afternoon
17:10:23,17,10,Evening
17:11:32,17,11,Evening
18:38:28,18,38,Evening
07:51:59,7,51,Morning
08:21:29,8,21,Morning
08:53:14,8,53,Morning
11:04:25,11,4,Morning
15:28:23,15,28,Afternoon
16:12:23,16,12,Afternoon
17:34:21,17,34,Evening
18:00:32,18,0,Evening
08:11:19,8,11,Morning
09:23:30,9,23,Morning
11:17:58,11,17,Morning
11:42:07,11,42,Morning
11:43:15,11,43,Morning
11:45:54,11,45,Morning
20:50:55,20,50,Evening
21:33:16,21,33,Night
21:34:13,21,34,Night
21:35:18,21,35,Night
22:21:42,22,21,Night
08:32:47,8,32,Morning
08:50:30,8,50,Morning
08:52:15,8,52,Morning
09:04:14,9,4,Morning
10:23:01,10,23,Morning
10:24:07,10,24,Morning
10:26:57,10,26,Morning
10:29:47,10,29,Morning
11:45:57,11,45,Morning
14:33:54,14,33,Afternoon
08:53:48,8,53,Morning
09:20:28,9,20,Morning
10:02:51,10,2,Morning
10:05:05,10,5,Morning
11:31:58,11,31,Morning
14:30:58,14,30,Afternoon
15:21:19,15,21,Afternoon
16:02:10,16,2,Afternoon
11:42:18,11,42,Morning
16:31:58,16,31,Afternoon
22:30:33,22,30,Night
22:31:30,22,31,Night
11:17:10,11,17,Morning
14:16:42,14,16,Afternoon
15:44:04,15,44,Afternoon
19:11:13,19,11,Evening
22:00:09,22,0,Night
22:28:17,22,28,Night
08:29:25,8,29,Morning
10:42:38,10,42,Morning
10:43:42,10,43,Morning
12:51:40,12,51,Afternoon
13:02:36,13,2,Afternoon
13:03:38,13,3,Afternoon
17:26:29,17,26,Evening
18:41:48,18,41,Evening
20:47:18,20,47,Evening
21:28:30,21,28,Night
21:41:23,21,41,Night
08:32:40,8,32,Morning
09:12:25,9,12,Morning
09:33:57,9,33,Morning
13:00:54,13,0,Afternoon
21:21:51,21,21,Night
12:25:49,12,25,Afternoon
18:21:57,18,21,Evening
07:49:45,7,49,Morning
10:45:47,10,45,Morning
12:13:06,12,13,Afternoon
12:56:47,12,56,Afternoon
17:59:25,17,59,Evening
21:01:07,21,1,Night
21:18:17,21,18,Night
07:58:31,7,58,Morning
12:49:23,12,49,Afternoon
16:55:02,16,55,Afternoon
16:55:49,16,55,Afternoon
16:57:01,16,57,Afternoon
19:50:00,19,50,Evening
19:50:57,19,50,Evening
12:27:25,12,27,Afternoon
12:53:05,12,53,Afternoon
12:54:40,12,54,Afternoon
14:01:58,14,1,Afternoon
16:23:23,16,23,Afternoon
19:19:03,19,19,Evening
19:20:10,19,20,Evening
21:35:41,21,35,Night
08:27:32,8,27,Morning
09:03:05,9,3,Morning
11:41:57,11,41,Morning
13:19:07,13,19,Afternoon
13:20:08,13,20,Afternoon
16:10:29,16,10,Afternoon
16:29:58,16,29,Afternoon
16:30:49,16,30,Afternoon
17:00:15,17,0,Evening
17:01:29,17,1,Evening
11:09:24,11,9,Morning
17:58:05,17,58,Evening
07:52:18,7,52,Morning
08:03:31,8,3,Morning
08:46:53,8,46,Morning
12:19:08,12,19,Afternoon
13:08:52,13,8,Afternoon
18:23:07,18,23,Evening
18:24:01,18,24,Evening
08:48:18,8,48,Morning
08:52:32,8,52,Morning
10:49:05,10,49,Morning
16:22:35,16,22,Afternoon
16:23:36,16,23,Afternoon
17:14:22,17,14,Evening
18:54:57,18,54,Evening
09:30:28,9,30,Morning
10:01:21,10,1,Morning
10:03:02,10,3,Morning
10:04:03,10,4,Morning
10:12:11,10,12,Morning
12:10:52,12,10,Afternoon
13:38:56,13,38,Afternoon
19:00:56,19,0,Evening
19:10:40,19,10,Evening
19:48:18,19,48,Evening
19:49:42,19,49,Evening
21:08:11,21,8,Night
21:09:15,21,9,Night
08:14:51,8,14,Morning
09:39:29,9,39,Morning
10:12:42,10,12,Morning
10:55:29,10,55,Morning
12:21:17,12,21,Afternoon
12:22:49,12,22,Afternoon
14:58:20,14,58,Afternoon
18:28:22,18,28,Evening
18:57:13,18,57,Evening
10:20:41,10,20,Morning
10:32:02,10,32,Morning
15:33:03,15,33,Afternoon
15:33:49,15,33,Afternoon
15:35:29,15,35,Afternoon
15:58:07,15,58,Afternoon
18:02:36,18,2,Evening
18:08:17,18,8,Evening
19:48:13,19,48,Evening
19:49:45,19,49,Evening
21:49:47,21,49,Night
21:58:48,21,58,Night
22:16:14,22,16,Night
10:42:56,10,42,Morning
18:55:44,18,55,Evening
19:35:45,19,35,Evening
19:36:29,19,36,Evening
20:26:36,20,26,Evening
21:55:18,21,55,Night
21:56:56,21,56,Night
09:03:21,9,3,Morning
09:22:17,9,22,Morning
10:42:03,10,42,Morning
11:35:54,11,35,Morning
14:05:31,14,5,Afternoon
15:00:23,15,0,Afternoon
16:14:50,16,14,Afternoon
17:21:20,17,21,Evening
17:22:40,17,22,Evening
20:46:07,20,46,Evening
15:10:43,15,10,Afternoon
17:55:28,17,55,Evening
19:10:36,19,10,Evening
19:11:36,19,11,Evening
19:12:34,19,12,Evening
19:36:02,19,36,Evening
10:43:56,10,43,Morning
10:45:02,10,45,Morning
12:35:03,12,35,Afternoon
12:36:00,12,36,Afternoon
13:17:11,13,17,Afternoon
13:32:47,13,32,Afternoon
20:02:40,20,2,Evening
21:18:49,21,18,Night
21:19:42,21,19,Night
21:57:30,21,57,Night
22:51:02,22,51,Night
22:53:06,22,53,Night
13:12:37,13,12,Afternoon
15:04:34,15,4,Afternoon
07:50:20,7,50,Morning
08:57:38,8,57,Morning
09:09:55,9,9,Morning
17:12:04,17,12,Evening
19:47:27,19,47,Evening
19:48:21,19,48,Evening
22:54:32,22,54,Night
09:00:23,9,0,Morning
09:50:37,9,50,Morning
10:18:44,10,18,Morning
10:52:03,10,52,Morning
14:10:01,14,10,Afternoon
14:13:17,14,13,Afternoon
17:23:40,17,23,Evening
22:11:01,22,11,Night
13:46:16,13,46,Afternoon
15:04:26,15,4,Afternoon
15:05:16,15,5,Afternoon
17:30:04,17,30,Evening
17:31:46,17,31,Evening
19:47:43,19,47,Evening
20:25:54,20,25,Evening
21:17:19,21,17,Night
09:02:44,9,2,Morning
09:44:11,9,44,Morning
13:52:31,13,52,Afternoon
13:53:39,13,53,Afternoon
15:12:45,15,12,Afternoon
15:13:38,15,13,Afternoon
16:29:53,16,29,Afternoon
16:31:28,16,31,Afternoon
16:36:45,16,36,Afternoon
08:52:28,8,52,Morning
09:36:50,9,36,Morning
09:39:41,9,39,Morning
09:45:28,9,45,Morning
10:29:28,10,29,Morning
11:11:30,11,11,Morning
11:12:42,11,12,Morning
15:42:14,15,42,Afternoon
15:43:13,15,43,Afternoon
17:10:17,17,10,Evening
17:30:52,17,30,Evening
17:31:48,17,31,Evening
19:07:25,19,7,Evening
19:08:38,19,8,Evening
09:58:05,9,58,Morning
13:29:40,13,29,Afternoon
13:30:38,13,30,Afternoon
14:41:10,14,41,Afternoon
14:42:45,14,42,Afternoon
16:22:32,16,22,Afternoon
16:34:59,16,34,Afternoon
16:35:44,16,35,Afternoon
17:43:10,17,43,Evening
09:03:22,9,3,Morning
10:10:30,10,10,Morning
16:58:09,16,58,Afternoon
22:13:28,22,13,Night
22:18:20,22,18,Night
22:19:14,22,19,Night
22:21:25,22,21,Night
08:58:26,8,58,Morning
09:59:27,9,59,Morning
13:40:00,13,40,Afternoon
15:59:33,15,59,Afternoon
16:12:55,16,12,Afternoon
16:14:10,16,14,Afternoon
16:16:11,16,16,Afternoon
16:18:04,16,18,Afternoon
18:11:39,18,11,Evening
22:23:30,22,23,Night
09:45:57,9,45,Morning
10:53:00,10,53,Morning
22:07:16,22,7,Night
19:58:50,19,58,Evening
22:32:45,22,32,Night
22:33:58,22,33,Night
07:30:02,7,30,Morning
09:11:15,9,11,Morning
10:30:28,10,30,Morning
17:22:51,17,22,Evening
08:07:07,8,7,Morning
08:56:34,8,56,Morning
09:02:31,9,2,Morning
14:27:23,14,27,Afternoon
15:36:58,15,36,Afternoon
15:48:10,15,48,Afternoon
15:49:11,15,49,Afternoon
20:30:29,20,30,Evening
22:10:20,22,10,Night
08:49:20,8,49,Morning
09:16:36,9,16,Morning
17:51:18,17,51,Evening
17:55:53,17,55,Evening
17:59:39,17,59,Evening
07:44:30,7,44,Morning
10:49:41,10,49,Morning
11:13:53,11,13,Morning
11:20:17,11,20,Morning
11:21:25,11,21,Morning
12:13:24,12,13,Afternoon
14:12:54,14,12,Afternoon
14:15:38,14,15,Afternoon
14:16:43,14,16,Afternoon
14:47:02,14,47,Afternoon
17:19:33,17,19,Evening
17:20:56,17,20,Evening
17:22:05,17,22,Evening
18:01:28,18,1,Evening
11:45:32,11,45,Morning
11:49:50,11,49,Morning
16:15:58,16,15,Afternoon
20:56:04,20,56,Evening
08:08:20,8,8,Morning
09:17:19,9,17,Morning
13:02:56,13,2,Afternoon
13:50:46,13,50,Afternoon
14:11:27,14,11,Afternoon
14:12:28,14,12,Afternoon
16:25:36,16,25,Afternoon
20:51:18,20,51,Evening
07:37:42,7,37,Morning
09:53:42,9,53,Morning
10:21:45,10,21,Morning
12:49:14,12,49,Afternoon
16:18:19,16,18,Afternoon
16:19:26,16,19,Afternoon
19:41:55,19,41,Evening
21:02:35,21,2,Night
09:12:04,9,12,Morning
11:10:23,11,10,Morning
13:14:14,13,14,Afternoon
15:35:21,15,35,Afternoon
15:36:47,15,36,Afternoon
15:37:55,15,37,Afternoon
16:55:26,16,55,Afternoon
18:06:12,18,6,Evening
19:51:14,19,51,Evening
21:41:14,21,41,Night
09:32:57,9,32,Morning
09:38:09,9,38,Morning
10:41:40,10,41,Morning
12:12:16,12,12,Afternoon
16:35:11,16,35,Afternoon
18:15:57,18,15,Evening
21:15:59,21,15,Night
21:16:59,21,16,Night
21:40:12,21,40,Night
07:38:19,7,38,Morning
08:26:20,8,26,Morning
08:27:48,8,27,Morning
08:47:56,8,47,Morning
09:27:38,9,27,Morning
14:20:53,14,20,Afternoon
14:22:02,14,22,Afternoon
17:39:10,17,39,Evening
10:12:38,10,12,Morning
16:33:40,16,33,Afternoon
16:35:14,16,35,Afternoon
16:36:28,16,36,Afternoon
08:29:47,8,29,Morning
11:40:24,11,40,Morning
12:04:49,12,4,Afternoon
12:06:00,12,6,Afternoon
13:45:14,13,45,Afternoon
20:08:11,20,8,Evening
20:26:24,20,26,Evening
20:27:28,20,27,Evening
21:13:45,21,13,Night
08:05:04,8,5,Morning
08:18:19,8,18,Morning
08:19:28,8,19,Morning
15:35:16,15,35,Afternoon
18:32:32,18,32,Evening
18:54:13,18,54,Evening
18:56:15,18,56,Evening
19:15:21,19,15,Evening
11:24:45,11,24,Morning
17:32:06,17,32,Evening
18:49:59,18,49,Evening
19:10:26,19,10,Evening
19:11:23,19,11,Evening
19:29:15,19,29,Evening
20:14:30,20,14,Evening
13:42:16,13,42,Afternoon
13:43:37,13,43,Afternoon
15:28:38,15,28,Afternoon
17:41:49,17,41,Evening
21:16:26,21,16,Night
22:31:55,22,31,Night
22:32:57,22,32,Night
13:21:04,13,21,Afternoon
14:38:24,14,38,Afternoon
14:39:35,14,39,Afternoon
12:35:22,12,35,Afternoon
12:36:34,12,36,Afternoon
08:07:42,8,7,Morning
08:32:43,8,32,Morning
12:05:02,12,5,Afternoon
13:45:08,13,45,Afternoon
15:27:54,15,27,Afternoon
15:29:00,15,29,Afternoon
15:30:12,15,30,Afternoon
18:55:19,18,55,Evening
19:02:40,19,2,Evening
19:03:45,19,3,Evening
08:26:36,8,26,Morning
09:33:17,9,33,Morning
11:56:26,11,56,Morning
12:22:01,12,22,Afternoon
16:19:07,16,19,Afternoon
16:20:44,16,20,Afternoon
17:40:00,17,40,Evening
20:11:50,20,11,Evening
20:13:45,20,13,Evening
09:38:47,9,38,Morning
19:19:08,19,19,Evening
19:20:34,19,20,Evening
09:18:05,9,18,Morning
10:12:33,10,12,Morning
11:26:29,11,26,Morning
12:42:15,12,42,Afternoon
13:02:00,13,2,Afternoon
14:41:42,14,41,Afternoon
17:18:48,17,18,Evening
18:24:06,18,24,Evening
18:41:49,18,41,Evening
08:40:51,8,40,Morning
09:17:14,9,17,Morning
09:26:46,9,26,Morning
09:27:47,9,27,Morning
12:31:01,12,31,Afternoon
14:02:58,14,2,Afternoon
16:48:33,16,48,Afternoon
22:35:58,22,35,Night
08:50:23,8,50,Morning
10:07:22,10,7,Morning
13:14:46,13,14,Afternoon
13:15:29,13,15,Afternoon
14:35:18,14,35,Afternoon
14:36:16,14,36,Afternoon
15:49:58,15,49,Afternoon
18:57:14,18,57,Evening
19:53:15,19,53,Evening
19:54:24,19,54,Evening
21:37:01,21,37,Night
10:56:21,10,56,Morning
10:57:37,10,57,Morning
12:54:32,12,54,Afternoon
12:56:04,12,56,Afternoon
14:22:57,14,22,Afternoon
16:45:07,16,45,Afternoon
16:46:57,16,46,Afternoon
07:03:24,7,3,Morning
07:04:56,7,4,Morning
08:04:03,8,4,Morning
08:09:08,8,9,Morning
10:15:38,10,15,Morning
10:22:18,10,22,Morning
10:49:58,10,49,Morning
13:25:02,13,25,Afternoon
13:32:53,13,32,Afternoon
13:51:03,13,51,Afternoon
14:06:36,14,6,Afternoon
14:50:20,14,50,Afternoon
15:01:44,15,1,Afternoon
15:41:27,15,41,Afternoon
17:01:26,17,1,Evening
17:09:55,17,9,Evening
17:11:07,17,11,Evening
17:12:05,17,12,Evening
17:14:18,17,14,Evening
17:15:40,17,15,Evening
17:44:17,17,44,Evening
18:09:00,18,9,Evening
10:04:56,10,4,Morning
10:11:31,10,11,Morning
12:35:58,12,35,Afternoon
13:07:39,13,7,Afternoon
14:15:14,14,15,Afternoon
14:17:36,14,17,Afternoon
14:19:48,14,19,Afternoon
18:13:41,18,13,Evening
19:05:21,19,5,Evening
19:09:36,19,9,Evening
19:10:27,19,10,Evening
19:27:27,19,27,Evening
08:42:10,8,42,Morning
09:10:43,9,10,Morning
11:49:35,11,49,Morning
11:50:41,11,50,Morning
11:51:45,11,51,Morning
11:58:36,11,58,Morning
12:10:46,12,10,Afternoon
13:20:46,13,20,Afternoon
13:43:42,13,43,Afternoon
13:44:29,13,44,Afternoon
14:57:52,14,57,Afternoon
15:50:58,15,50,Afternoon
16:34:20,16,34,Afternoon
16:35:33,16,35,Afternoon
16:36:34,16,36,Afternoon
16:39:01,16,39,Afternoon
16:41:09,16,41,Afternoon
18:18:34,18,18,Evening
18:19:49,18,19,Evening
18:20:51,18,20,Evening
18:25:29,18,25,Evening
18:45:42,18,45,Evening
19:06:46,19,6,Evening
20:03:20,20,3,Evening
07:16:48,7,16,Morning
13:59:21,13,59,Afternoon
14:55:31,14,55,Afternoon
14:59:22,14,59,Afternoon
16:14:49,16,14,Afternoon
17:09:45,17,9,Evening
17:54:25,17,54,Evening
19:55:06,19,55,Evening
20:06:59,20,6,Evening
20:07:47,20,7,Evening
20:23:13,20,23,Evening
08:44:49,8,44,Morning
09:07:04,9,7,Morning
10:49:23,10,49,Morning
12:09:38,12,9,Afternoon
12:51:22,12,51,Afternoon
12:58:51,12,58,Afternoon
16:04:10,16,4,Afternoon
16:22:13,16,22,Afternoon
16:23:14,16,23,Afternoon
16:24:35,16,24,Afternoon
18:42:36,18,42,Evening
18:43:36,18,43,Evening
18:44:30,18,44,Evening
18:45:23,18,45,Evening
20:10:59,20,10,Evening
20:30:56,20,30,Evening
10:56:17,10,56,Morning
11:02:41,11,2,Morning
11:39:33,11,39,Morning
12:46:12,12,46,Afternoon
13:26:47,13,26,Afternoon
15:07:04,15,7,Afternoon
15:08:09,15,8,Afternoon
08:49:24,8,49,Morning
10:31:09,10,31,Morning
10:51:28,10,51,Morning
12:05:05,12,5,Afternoon
15:13:09,15,13,Afternoon
15:14:02,15,14,Afternoon
15:15:57,15,15,Afternoon
15:16:52,15,16,Afternoon
16:20:18,16,20,Afternoon
07:01:46,7,1,Morning
08:16:32,8,16,Morning
08:24:56,8,24,Morning
11:11:43,11,11,Morning
13:08:50,13,8,Afternoon
13:11:05,13,11,Afternoon
13:26:54,13,26,Afternoon
13:40:13,13,40,Afternoon
14:01:52,14,1,Afternoon
14:07:41,14,7,Afternoon
14:11:46,14,11,Afternoon
14:15:44,14,15,Afternoon
15:14:01,15,14,Afternoon
15:46:02,15,46,Afternoon
15:47:44,15,47,Afternoon
16:20:55,16,20,Afternoon
17:12:02,17,12,Evening
18:27:14,18,27,Evening
19:14:01,19,14,Evening
19:14:53,19,14,Evening
10:38:26,10,38,Morning
11:19:15,11,19,Morning
11:20:12,11,20,Morning
11:21:08,11,21,Morning
15:56:49,15,56,Afternoon
16:09:08,16,9,Afternoon
16:49:40,16,49,Afternoon
17:35:34,17,35,Evening
17:36:42,17,36,Evening
17:44:12,17,44,Evening
17:50:40,17,50,Evening
17:54:37,17,54,Evening
19:04:11,19,4,Evening
19:05:03,19,5,Evening
07:16:57,7,16,Morning
07:35:37,7,35,Morning
08:54:35,8,54,Morning
09:19:45,9,19,Morning
10:43:13,10,43,Morning
12:43:29,12,43,Afternoon
13:08:09,13,8,Afternoon
13:41:39,13,41,Afternoon
15:41:24,15,41,Afternoon
15:42:16,15,42,Afternoon
15:43:34,15,43,Afternoon
16:12:58,16,12,Afternoon
16:26:08,16,26,Afternoon
17:42:51,17,42,Evening
20:05:40,20,5,Evening
21:17:04,21,17,Night
07:38:47,7,38,Morning
08:45:57,8,45,Morning
09:17:21,9,17,Morning
09:36:05,9,36,Morning
10:29:32,10,29,Morning
16:30:39,16,30,Afternoon
17:16:11,17,16,Evening
17:17:20,17,17,Evening
18:01:35,18,1,Evening
18:15:08,18,15,Evening
19:06:30,19,6,Evening
11:38:55,11,38,Morning
14:07:09,14,7,Afternoon
14:45:59,14,45,Afternoon
14:46:45,14,46,Afternoon
14:58:12,14,58,Afternoon
15:00:16,15,0,Afternoon
15:36:40,15,36,Afternoon
15:38:47,15,38,Afternoon
15:53:56,15,53,Afternoon
15:54:57,15,54,Afternoon
17:03:16,17,3,Evening
17:04:29,17,4,Evening
17:09:07,17,9,Evening
17:25:24,17,25,Evening
21:18:29,21,18,Night
09:22:51,9,22,Morning
12:41:53,12,41,Afternoon
12:44:26,12,44,Afternoon
13:02:19,13,2,Afternoon
13:32:05,13,32,Afternoon
14:01:51,14,1,Afternoon
14:11:53,14,11,Afternoon
15:40:07,15,40,Afternoon
15:40:59,15,40,Afternoon
10:46:43,10,46,Morning
10:50:00,10,50,Morning
14:16:41,14,16,Afternoon
17:12:27,17,12,Evening
17:13:32,17,13,Evening
17:44:32,17,44,Evening
06:50:04,6,50,Morning
08:53:13,8,53,Morning
09:00:55,9,0,Morning
09:28:06,9,28,Morning
09:56:59,9,56,Morning
10:20:12,10,20,Morning
10:44:48,10,44,Morning
11:53:58,11,53,Morning
11:55:02,11,55,Morning
12:48:58,12,48,Afternoon
14:23:01,14,23,Afternoon
15:05:41,15,5,Afternoon
15:33:19,15,33,Afternoon
16:19:06,16,19,Afternoon
16:22:42,16,22,Afternoon
17:31:14,17,31,Evening
18:23:52,18,23,Evening
19:13:51,19,13,Evening
19:15:00,19,15,Evening
20:18:17,20,18,Evening
08:53:08,8,53,Morning
08:54:14,8,54,Morning
11:07:35,11,7,Morning
11:30:06,11,30,Morning
11:38:23,11,38,Morning
12:15:26,12,15,Afternoon
13:04:27,13,4,Afternoon
13:25:45,13,25,Afternoon
13:27:05,13,27,Afternoon
17:05:28,17,5,Evening
17:08:19,17,8,Evening
17:09:17,17,9,Evening
17:10:22,17,10,Evening
17:11:35,17,11,Evening
19:36:27,19,36,Evening
20:06:56,20,6,Evening
20:58:12,20,58,Evening
21:01:59,21,1,Night
08:08:52,8,8,Morning
08:09:54,8,9,Morning
08:47:32,8,47,Morning
09:24:31,9,24,Morning
10:09:51,10,9,Morning
10:19:01,10,19,Morning
10:40:51,10,40,Morning
12:45:06,12,45,Afternoon
12:46:03,12,46,Afternoon
13:06:54,13,6,Afternoon
15:50:42,15,50,Afternoon
17:04:00,17,4,Evening
17:34:49,17,34,Evening
17:57:52,17,57,Evening
18:35:38,18,35,Evening
19:01:33,19,1,Evening
19:11:49,19,11,Evening
19:12:42,19,12,Evening
19:26:22,19,26,Evening
20:05:28,20,5,Evening
07:56:24,7,56,Morning
09:17:53,9,17,Morning
10:16:40,10,16,Morning
10:17:38,10,17,Morning
10:20:24,10,20,Morning
10:24:23,10,24,Morning
14:20:33,14,20,Afternoon
14:37:59,14,37,Afternoon
14:38:49,14,38,Afternoon
15:19:45,15,19,Afternoon
16:05:49,16,5,Afternoon
16:59:06,16,59,Afternoon
17:00:36,17,0,Evening
17:07:27,17,7,Evening
18:57:34,18,57,Evening
19:01:51,19,1,Evening
20:07:03,20,7,Evening
06:59:08,6,59,Morning
09:41:29,9,41,Morning
09:49:20,9,49,Morning
09:51:12,9,51,Morning
10:18:10,10,18,Morning
11:10:07,11,10,Morning
12:07:42,12,7,Afternoon
12:56:17,12,56,Afternoon
12:57:02,12,57,Afternoon
13:06:42,13,6,Afternoon
15:18:31,15,18,Afternoon
15:45:54,15,45,Afternoon
15:46:48,15,46,Afternoon
15:52:48,15,52,Afternoon
16:10:06,16,10,Afternoon
16:46:58,16,46,Afternoon
16:48:58,16,48,Afternoon
19:08:18,19,8,Evening
19:09:09,19,9,Evening
19:59:24,19,59,Evening
10:52:18,10,52,Morning
11:28:30,11,28,Morning
11:41:12,11,41,Morning
12:59:41,12,59,Afternoon
15:03:03,15,3,Afternoon
10:33:11,10,33,Morning
12:52:26,12,52,Afternoon
12:54:06,12,54,Afternoon
13:50:21,13,50,Afternoon
14:02:03,14,2,Afternoon
17:27:44,17,27,Evening
09:14:53,9,14,Morning
09:45:10,9,45,Morning
10:02:48,10,2,Morning
10:09:12,10,9,Morning
10:47:47,10,47,Morning
12:58:41,12,58,Afternoon
13:00:01,13,0,Afternoon
15:40:01,15,40,Afternoon
16:00:06,16,0,Afternoon
16:10:23,16,10,Afternoon
16:28:52,16,28,Afternoon
16:59:38,16,59,Afternoon
17:00:44,17,0,Evening
17:37:38,17,37,Evening
18:07:01,18,7,Evening
19:04:34,19,4,Evening
19:24:10,19,24,Evening
19:24:54,19,24,Evening
19:26:14,19,26,Evening
20:14:51,20,14,Evening
08:00:39,8,0,Morning
08:49:21,8,49,Morning
08:50:14,8,50,Morning
10:02:44,10,2,Morning
11:03:33,11,3,Morning
11:04:26,11,4,Morning
12:20:41,12,20,Afternoon
14:14:18,14,14,Afternoon
16:49:37,16,49,Afternoon
16:50:35,16,50,Afternoon
18:19:09,18,19,Evening
19:32:40,19,32,Evening
